Week,Peru,Bulgaria,Bosnia&Herzegovina,Hungary,Georgia,North Macedonia,Moldova,Croatia,Czechia,Slovakia,Romania,Lithuania,Brazil,Slovenia,Poland,Chile,USA,Latvia,Armenia,Argentina,Colombia,Trinidad&Tobago,Belgium,Paraguay,Italy,Greece,Mexico,Ukraine,United Kingdom,Russia,Tunisia,Serbia,Spain,Portugal,Uruguay,Ecuador,France,Panama,Bolivia,Estonia,Austria,Sweden,Kosovo,South Africa,Iran,Costa Rica,Namibia,Switzerland,Germany,Lebanon,Jordan,Ireland,Puerto Rico,Netherlands,Albania,Turkey,Botswana,Israel,Honduras,Malaysia,Guatemala,Kazakhstan,Canada,Denmark,Jamaica,Azerbaijan,Libya,Bahrain,Oman,Cyprus,Mauritius,Sri Lanka,Cuba,Belarus,Mongolia,Iraq,El Salvador,Kuwait,Finland,Indonesia,Philippines,Norway,Kyrgyzstan,Vietnam,Morocco,Nepal,Dominican Republic,India,Zimbabwe,Thailand,South Korea,Lesotho,Saudi Arabia,Australia,Egypt,Qatar,United Arab Emirates,Singapore,Japan,Zambia,Venezuela,Cambodia,Syria,Bangladesh,Algeria,Pakistan,Senegal,Sudan,Kenya,Laos,New Zealand,Uganda,Cameroon,Haiti,Yemen,Mozambique,Ethiopia,Angola,Uzbekistan,Ghana,Nicaragua,Cote d'Ivoire,Nigeria,Congo (Kinshasa),Tanzania,Tajikistan,China
4/16/2017,21,68,29,51,35,35,24,39,55,29,28,42,57,45,43,12,44,46,20,6,26,42,59,9,75,33,38,42,36,28,33,25,37,53,8,19,54,18,21,51,32,,,,,,,,,,,,,,,,,,,,,,,,,,,,,,,,,,,,,,,,,,,,,,,,,,,,,,,,,,,,,,,,,,,,,,,,,,,,,,,,,,,,,,
4/23/2017,22,50,31,53,29,16,17,15,38,40,21,27,55,51,51,11,46,41,0,6,26,42,63,10,87,27,43,35,36,30,39,36,35,46,6,22,56,18,20,41,35,,,,,,,,,,,,,,,,,,,,,,,,,,,,,,,,,,,,,,,,,,,,,,,,,,,,,,,,,,,,,,,,,,,,,,,,,,,,,,,,,,,,,,
4/30/2017,26,41,23,71,25,32,18,37,40,46,18,42,44,61,47,14,48,24,29,6,30,42,53,10,78,36,37,40,36,20,23,48,37,39,12,26,49,19,18,31,46,,,,,,,,,,,,,,,,,,,,,,,,,,,,,,,,,,,,,,,,,,,,,,,,,,,,,,,,,,,,,,,,,,,,,,,,,,,,,,,,,,,,,,
5/7/2017,24,49,11,59,34,46,25,57,39,37,24,37,39,37,50,11,47,14,39,6,26,31,53,7,76,39,37,48,36,29,17,36,37,35,9,23,56,15,23,38,62,,,,,,,,,,,,,,,,,,,,,,,,,,,,,,,,,,,,,,,,,,,,,,,,,,,,,,,,,,,,,,,,,,,,,,,,,,,,,,,,,,,,,,
5/14/2017,24,63,49,57,19,34,9,31,43,34,22,53,38,37,45,10,46,36,67,6,26,45,61,9,73,44,39,29,36,23,19,42,40,33,7,26,48,21,17,29,50,,,,,,,,,,,,,,,,,,,,,,,,,,,,,,,,,,,,,,,,,,,,,,,,,,,,,,,,,,,,,,,,,,,,,,,,,,,,,,,,,,,,,,
5/21/2017,23,28,24,42,20,33,45,57,46,34,31,36,39,24,50,11,46,32,0,7,27,30,59,8,68,38,43,51,36,30,28,24,38,33,8,25,57,20,17,50,35,,,,,,,,,,,,,,,,,,,,,,,,,,,,,,,,,,,,,,,,,,,,,,,,,,,,,,,,,,,,,,,,,,,,,,,,,,,,,,,,,,,,,,
5/28/2017,22,19,31,35,20,23,10,66,51,51,20,48,33,42,54,12,48,36,12,6,28,26,51,10,76,46,42,31,36,32,15,40,36,49,7,25,51,18,23,29,52,,,,,,,,,,,,,,,,,,,,,,,,,,,,,,,,,,,,,,,,,,,,,,,,,,,,,,,,,,,,,,,,,,,,,,,,,,,,,,,,,,,,,,
6/4/2017,22,43,30,61,5,22,27,55,52,30,25,25,41,32,44,12,48,24,23,6,26,29,49,11,69,57,41,44,33,26,0,31,39,45,10,22,57,18,22,59,39,,,,,,,,,,,,,,,,,,,,,,,,,,,,,,,,,,,,,,,,,,,,,,,,,,,,,,,,,,,,,,,,,,,,,,,,,,,,,,,,,,,,,,
6/11/2017,23,62,18,68,34,38,18,38,38,50,34,35,43,55,56,11,46,12,12,6,27,35,64,9,63,44,42,39,36,23,22,31,37,54,10,28,65,19,19,45,55,,,,,,,,,,,,,,,,,,,,,,,,,,,,,,,,,,,,,,,,,,,,,,,,,,,,,,,,,,,,,,,,,,,,,,,,,,,,,,,,,,,,,,
6/18/2017,25,50,54,58,19,23,27,35,44,41,22,37,46,80,46,13,46,26,23,7,28,12,58,11,60,64,41,40,38,34,15,34,43,61,8,31,74,21,26,77,45,,,,,,,,,,,,,,,,,,,,,,,,,,,,,,,,,,,,,,,,,,,,,,,,,,,,,,,,,,,,,,,,,,,,,,,,,,,,,,,,,,,,,,
6/25/2017,22,57,19,63,20,29,29,58,43,32,26,41,55,55,67,15,46,12,12,6,26,31,58,10,73,38,39,42,35,28,21,43,36,46,11,25,68,24,22,57,49,,,,,,,,,,,,,,,,,,,,,,,,,,,,,,,,,,,,,,,,,,,,,,,,,,,,,,,,,,,,,,,,,,,,,,,,,,,,,,,,,,,,,,
7/2/2017,23,25,38,46,19,17,29,44,37,22,22,46,46,40,45,13,53,28,50,7,26,29,54,8,80,63,38,44,37,28,54,36,38,44,10,26,58,15,14,35,49,,,,,,,,,,,,,,,,,,,,,,,,,,,,,,,,,,,,,,,,,,,,,,,,,,,,,,,,,,,,,,,,,,,,,,,,,,,,,,,,,,,,,,
7/9/2017,21,60,31,62,36,28,38,82,48,61,24,29,35,55,60,10,47,24,37,7,26,34,54,10,66,57,36,54,37,34,28,33,41,52,8,30,69,20,9,55,41,,,,,,,,,,,,,,,,,,,,,,,,,,,,,,,,,,,,,,,,,,,,,,,,,,,,,,,,,,,,,,,,,,,,,,,,,,,,,,,,,,,,,,
7/16/2017,20,46,56,76,41,28,40,52,53,29,26,34,38,68,48,11,47,29,12,7,27,28,68,10,65,55,38,32,35,34,28,41,42,57,12,24,77,17,13,56,35,,,,,,,,,,,,,,,,,,,,,,,,,,,,,,,,,,,,,,,,,,,,,,,,,,,,,,,,,,,,,,,,,,,,,,,,,,,,,,,,,,,,,,
7/23/2017,19,46,30,39,15,55,63,59,64,45,28,54,36,44,53,13,50,57,12,7,24,27,60,12,58,57,39,40,35,29,55,40,43,61,9,24,74,15,19,31,35,,,,,,,,,,,,,,,,,,,,,,,,,,,,,,,,,,,,,,,,,,,,,,,,,,,,,,,,,,,,,,,,,,,,,,,,,,,,,,,,,,,,,,
7/30/2017,19,76,34,53,10,38,0,50,71,39,29,53,37,43,56,12,48,27,12,8,27,39,53,13,67,72,35,68,35,19,7,39,43,55,10,20,83,24,17,42,32,,,,,,,,,,,,,,,,,,,,,,,,,,,,,,,,,,,,,,,,,,,,,,,,,,,,,,,,,,,,,,,,,,,,,,,,,,,,,,,,,,,,,,
8/6/2017,19,57,17,62,11,16,37,60,40,46,25,29,39,49,50,12,47,28,35,10,31,33,52,12,63,52,38,29,36,29,45,48,48,50,10,21,76,24,17,19,53,,,,,,,,,,,,,,,,,,,,,,,,,,,,,,,,,,,,,,,,,,,,,,,,,,,,,,,,,,,,,,,,,,,,,,,,,,,,,,,,,,,,,,
8/13/2017,18,39,23,56,31,43,18,50,59,40,22,40,43,53,59,14,47,27,46,8,27,32,61,11,57,73,39,56,36,26,25,48,44,61,5,24,92,17,22,58,59,,,,,,,,,,,,,,,,,,,,,,,,,,,,,,,,,,,,,,,,,,,,,,,,,,,,,,,,,,,,,,,,,,,,,,,,,,,,,,,,,,,,,,
8/20/2017,19,56,41,64,30,44,0,39,48,57,27,15,48,31,55,13,45,50,24,7,31,19,59,12,61,51,38,62,38,23,33,34,43,43,12,18,68,18,22,64,41,,,,,,,,,,,,,,,,,,,,,,,,,,,,,,,,,,,,,,,,,,,,,,,,,,,,,,,,,,,,,,,,,,,,,,,,,,,,,,,,,,,,,,
8/27/2017,20,60,23,54,21,11,29,46,35,59,33,36,43,37,47,12,43,34,59,7,27,19,49,8,71,51,39,33,36,28,57,31,37,53,10,20,57,17,27,37,36,,,,,,,,,,,,,,,,,,,,,,,,,,,,,,,,,,,,,,,,,,,,,,,,,,,,,,,,,,,,,,,,,,,,,,,,,,,,,,,,,,,,,,
9/3/2017,21,41,43,50,10,52,9,61,55,58,28,30,47,38,36,13,45,22,36,7,32,29,46,8,63,43,38,45,34,23,13,43,39,47,9,21,61,16,24,44,39,,,,,,,,,,,,,,,,,,,,,,,,,,,,,,,,,,,,,,,,,,,,,,,,,,,,,,,,,,,,,,,,,,,,,,,,,,,,,,,,,,,,,,
9/10/2017,20,60,24,51,25,11,36,47,37,98,27,26,26,58,41,17,41,25,46,7,29,17,62,12,56,44,51,33,33,24,13,23,36,43,8,19,58,13,27,65,32,,,,,,,,,,,,,,,,,,,,,,,,,,,,,,,,,,,,,,,,,,,,,,,,,,,,,,,,,,,,,,,,,,,,,,,,,,,,,,,,,,,,,,
9/17/2017,22,53,29,52,10,27,9,37,50,40,22,38,35,34,52,20,45,29,23,7,32,15,47,12,57,51,42,49,36,22,13,72,36,41,9,19,58,18,21,61,42,,,,,,,,,,,,,,,,,,,,,,,,,,,,,,,,,,,,,,,,,,,,,,,,,,,,,,,,,,,,,,,,,,,,,,,,,,,,,,,,,,,,,,
9/24/2017,25,46,41,66,15,37,0,61,51,42,24,9,30,34,42,13,44,29,23,7,30,24,55,12,53,36,44,34,36,22,38,34,35,33,10,21,55,21,26,77,39,,,,,,,,,,,,,,,,,,,,,,,,,,,,,,,,,,,,,,,,,,,,,,,,,,,,,,,,,,,,,,,,,,,,,,,,,,,,,,,,,,,,,,
10/1/2017,23,39,0,35,10,33,36,48,31,36,25,31,37,59,51,13,44,39,46,8,32,40,51,11,59,42,49,39,36,22,13,36,32,35,9,27,58,27,28,43,36,,,,,,,,,,,,,,,,,,,,,,,,,,,,,,,,,,,,,,,,,,,,,,,,,,,,,,,,,,,,,,,,,,,,,,,,,,,,,,,,,,,,,,
10/8/2017,22,24,12,86,10,23,0,44,47,46,20,38,31,43,45,15,43,31,0,7,28,41,47,10,58,29,48,43,38,22,13,33,39,50,12,29,57,19,23,46,40,,,,,,,,,,,,,,,,,,,,,,,,,,,,,,,,,,,,,,,,,,,,,,,,,,,,,,,,,,,,,,,,,,,,,,,,,,,,,,,,,,,,,,
10/15/2017,23,42,31,66,19,43,17,31,42,40,26,34,30,72,49,15,45,25,35,9,31,37,52,10,61,35,48,53,36,27,13,42,33,42,11,25,53,18,27,42,35,,,,,,,,,,,,,,,,,,,,,,,,,,,,,,,,,,,,,,,,,,,,,,,,,,,,,,,,,,,,,,,,,,,,,,,,,,,,,,,,,,,,,,
10/22/2017,24,61,28,51,24,57,40,45,40,41,25,25,35,70,52,14,47,28,34,8,31,38,52,9,60,36,45,29,38,27,39,22,33,33,11,33,54,21,26,49,25,,,,,,,,,,,,,,,,,,,,,,,,,,,,,,,,,,,,,,,,,,,,,,,,,,,,,,,,,,,,,,,,,,,,,,,,,,,,,,,,,,,,,,
10/29/2017,24,56,17,66,10,10,23,39,52,38,22,44,36,54,51,12,44,27,11,7,35,37,49,10,60,30,42,40,36,24,32,52,34,52,9,30,54,16,23,46,30,,,,,,,,,,,,,,,,,,,,,,,,,,,,,,,,,,,,,,,,,,,,,,,,,,,,,,,,,,,,,,,,,,,,,,,,,,,,,,,,,,,,,,
11/5/2017,24,25,28,57,18,47,15,39,41,42,25,35,29,27,47,12,45,44,0,8,34,37,60,9,51,27,48,54,35,23,0,24,34,35,10,30,42,15,28,29,42,,,,,,,,,,,,,,,,,,,,,,,,,,,,,,,,,,,,,,,,,,,,,,,,,,,,,,,,,,,,,,,,,,,,,,,,,,,,,,,,,,,,,,
11/12/2017,27,45,16,71,28,23,22,36,45,48,20,34,34,42,49,16,46,27,43,8,34,41,55,11,52,23,47,39,42,27,7,44,38,47,11,27,53,19,28,45,49,,,,,,,,,,,,,,,,,,,,,,,,,,,,,,,,,,,,,,,,,,,,,,,,,,,,,,,,,,,,,,,,,,,,,,,,,,,,,,,,,,,,,,
11/19/2017,28,44,6,59,9,9,14,47,59,31,25,37,32,27,51,16,47,21,20,8,27,47,57,10,54,35,46,40,37,24,20,30,36,33,9,24,59,17,27,37,45,,,,,,,,,,,,,,,,,,,,,,,,,,,,,,,,,,,,,,,,,,,,,,,,,,,,,,,,,,,,,,,,,,,,,,,,,,,,,,,,,,,,,,
11/26/2017,27,40,5,44,14,27,20,35,39,43,26,46,31,53,40,12,47,10,20,7,29,30,51,8,50,40,43,36,38,26,40,49,32,30,9,27,43,15,17,46,33,,,,,,,,,,,,,,,,,,,,,,,,,,,,,,,,,,,,,,,,,,,,,,,,,,,,,,,,,,,,,,,,,,,,,,,,,,,,,,,,,,,,,,
12/3/2017,25,46,22,50,17,28,14,30,53,60,21,32,36,23,59,13,45,54,39,7,33,39,56,9,56,29,44,40,40,20,13,32,35,35,10,28,51,17,16,67,31,,,,,,,,,,,,,,,,,,,,,,,,,,,,,,,,,,,,,,,,,,,,,,,,,,,,,,,,,,,,,,,,,,,,,,,,,,,,,,,,,,,,,,
12/10/2017,22,55,16,49,18,37,21,34,48,54,27,33,27,37,60,13,47,37,50,7,28,46,49,15,59,31,41,36,42,28,34,26,38,24,9,28,45,17,15,42,34,,,,,,,,,,,,,,,,,,,,,,,,,,,,,,,,,,,,,,,,,,,,,,,,,,,,,,,,,,,,,,,,,,,,,,,,,,,,,,,,,,,,,,
12/17/2017,21,42,45,84,31,33,22,26,66,64,36,45,33,57,64,15,48,57,20,7,30,50,61,10,52,30,44,40,49,24,0,62,41,42,10,27,49,13,15,27,50,,,,,,,,,,,,,,,,,,,,,,,,,,,,,,,,,,,,,,,,,,,,,,,,,,,,,,,,,,,,,,,,,,,,,,,,,,,,,,,,,,,,,,
12/24/2017,21,45,44,75,23,19,45,66,66,71,30,36,41,76,94,14,55,49,11,11,39,70,66,13,76,44,58,43,51,31,42,63,47,38,15,31,78,25,16,60,82,,,,,,,,,,,,,,,,,,,,,,,,,,,,,,,,,,,,,,,,,,,,,,,,,,,,,,,,,,,,,,,,,,,,,,,,,,,,,,,,,,,,,,
12/31/2017,23,65,32,68,61,39,15,39,45,53,34,51,43,60,82,16,54,31,35,9,42,54,72,12,60,33,52,59,50,30,27,46,46,44,13,30,63,23,16,69,64,,,,,,,,,,,,,,,,,,,,,,,,,,,,,,,,,,,,,,,,,,,,,,,,,,,,,,,,,,,,,,,,,,,,,,,,,,,,,,,,,,,,,,
1/7/2018,17,61,5,42,21,36,28,29,38,39,20,43,28,36,62,12,44,33,47,7,26,28,61,9,59,46,37,45,36,23,34,39,30,38,11,31,52,16,12,48,36,,,,,,,,,,,,,,,,,,,,,,,,,,,,,,,,,,,,,,,,,,,,,,,,,,,,,,,,,,,,,,,,,,,,,,,,,,,,,,,,,,,,,,
1/14/2018,16,52,25,61,21,13,20,33,46,34,16,41,40,43,48,12,45,36,0,7,24,23,55,11,58,32,38,38,36,32,14,57,34,44,7,33,53,14,16,60,60,,,,,,,,,,,,,,,,,,,,,,,,,,,,,,,,,,,,,,,,,,,,,,,,,,,,,,,,,,,,,,,,,,,,,,,,,,,,,,,,,,,,,,
1/21/2018,20,50,41,41,50,45,33,50,38,47,26,36,37,41,64,12,45,37,19,7,24,50,60,8,56,33,41,50,36,27,26,25,35,56,10,28,47,19,15,32,52,,,,,,,,,,,,,,,,,,,,,,,,,,,,,,,,,,,,,,,,,,,,,,,,,,,,,,,,,,,,,,,,,,,,,,,,,,,,,,,,,,,,,,
1/28/2018,17,52,32,63,21,23,27,30,41,32,23,31,33,47,53,11,46,36,0,7,24,41,72,12,66,33,39,42,36,26,33,39,33,34,7,24,49,14,15,40,38,,,,,,,,,,,,,,,,,,,,,,,,,,,,,,,,,,,,,,,,,,,,,,,,,,,,,,,,,,,,,,,,,,,,,,,,,,,,,,,,,,,,,,
2/4/2018,22,46,31,57,21,17,20,44,39,30,24,44,34,42,61,12,46,33,47,7,25,56,59,8,55,36,44,49,35,29,40,51,35,39,10,19,49,19,18,61,31,,,,,,,,,,,,,,,,,,,,,,,,,,,,,,,,,,,,,,,,,,,,,,,,,,,,,,,,,,,,,,,,,,,,,,,,,,,,,,,,,,,,,,
2/11/2018,21,51,26,45,13,22,7,24,37,53,20,43,36,59,60,12,46,36,47,7,27,47,57,12,54,32,45,33,35,30,26,33,38,39,9,26,63,26,19,71,68,,,,,,,,,,,,,,,,,,,,,,,,,,,,,,,,,,,,,,,,,,,,,,,,,,,,,,,,,,,,,,,,,,,,,,,,,,,,,,,,,,,,,,
2/18/2018,19,32,30,68,21,35,13,39,48,43,24,44,40,41,50,11,48,49,18,6,25,32,57,9,56,40,45,46,36,28,32,29,36,26,7,24,59,11,18,44,55,,,,,,,,,,,,,,,,,,,,,,,,,,,,,,,,,,,,,,,,,,,,,,,,,,,,,,,,,,,,,,,,,,,,,,,,,,,,,,,,,,,,,,
2/25/2018,18,33,24,48,26,31,6,20,32,40,22,23,34,70,47,10,47,36,38,7,30,36,63,9,86,21,46,26,32,27,39,45,31,28,8,31,47,17,13,74,63,,,,,,,,,,,,,,,,,,,,,,,,,,,,,,,,,,,,,,,,,,,,,,,,,,,,,,,,,,,,,,,,,,,,,,,,,,,,,,,,,,,,,,
3/4/2018,18,40,11,54,38,36,7,47,33,30,30,44,36,48,53,10,46,46,28,7,29,45,60,9,54,34,46,41,37,23,20,41,34,39,8,30,63,20,17,32,56,,,,,,,,,,,,,,,,,,,,,,,,,,,,,,,,,,,,,,,,,,,,,,,,,,,,,,,,,,,,,,,,,,,,,,,,,,,,,,,,,,,,,,
3/11/2018,18,56,11,52,38,32,13,51,36,34,23,59,36,55,42,11,48,17,38,6,28,36,54,10,65,23,44,37,37,34,41,42,34,34,9,22,62,25,16,40,51,,,,,,,,,,,,,,,,,,,,,,,,,,,,,,,,,,,,,,,,,,,,,,,,,,,,,,,,,,,,,,,,,,,,,,,,,,,,,,,,,,,,,,
3/18/2018,21,52,25,56,13,26,19,32,37,25,24,31,25,49,48,11,45,44,10,6,32,23,56,11,62,23,48,36,36,26,45,32,34,49,7,28,49,17,19,44,33,,,,,,,,,,,,,,,,,,,,,,,,,,,,,,,,,,,,,,,,,,,,,,,,,,,,,,,,,,,,,,,,,,,,,,,,,,,,,,,,,,,,,,
3/25/2018,22,40,26,65,26,23,34,42,46,37,25,38,38,15,61,13,46,28,30,7,27,35,49,9,60,33,48,51,37,26,20,38,37,56,11,27,61,24,19,12,50,,,,,,,,,,,,,,,,,,,,,,,,,,,,,,,,,,,,,,,,,,,,,,,,,,,,,,,,,,,,,,,,,,,,,,,,,,,,,,,,,,,,,,
4/1/2018,21,32,39,59,33,20,70,34,47,58,36,50,24,61,56,12,48,54,62,6,27,20,62,13,58,45,42,70,38,23,26,30,35,56,9,23,55,13,20,55,65,,,,,,,,,,,,,,,,,,,,,,,,,,,,,,,,,,,,,,,,,,,,,,,,,,,,,,,,,,,,,,,,,,,,,,,,,,,,,,,,,,,,,,
4/8/2018,26,30,6,51,33,26,42,30,62,44,28,70,29,63,38,11,47,28,41,7,29,51,57,11,54,49,45,51,39,21,6,49,35,36,9,23,55,22,24,50,47,,,,,,,,,,,,,,,,,,,,,,,,,,,,,,,,,,,,,,,,,,,,,,,,,,,,,,,,,,,,,,,,,,,,,,,,,,,,,,,,,,,,,,
4/15/2018,24,67,41,67,22,35,63,62,57,33,33,33,30,49,47,13,48,37,72,7,26,28,55,13,61,40,45,63,40,24,45,40,40,34,8,26,55,25,19,62,51,,,,,,,,,,,,,,,,,,,,,,,,,,,,,,,,,,,,,,,,,,,,,,,,,,,,,,,,,,,,,,,,,,,,,,,,,,,,,,,,,,,,,,
4/22/2018,22,46,37,43,27,30,46,48,47,56,39,56,36,43,48,12,49,44,73,7,28,23,57,12,58,34,45,75,38,24,20,38,37,45,11,27,50,16,18,47,47,,,,,,,,,,,,,,,,,,,,,,,,,,,,,,,,,,,,,,,,,,,,,,,,,,,,,,,,,,,,,,,,,,,,,,,,,,,,,,,,,,,,,,
4/29/2018,27,44,25,48,46,30,49,55,49,57,24,41,31,40,53,12,47,27,64,6,32,39,53,13,63,38,46,84,46,18,13,52,39,49,8,26,57,16,19,68,48,,,,,,,,,,,,,,,,,,,,,,,,,,,,,,,,,,,,,,,,,,,,,,,,,,,,,,,,,,,,,,,,,,,,,,,,,,,,,,,,,,,,,,
5/6/2018,25,54,59,49,26,33,23,62,41,29,29,49,28,46,48,12,47,14,60,6,29,31,53,9,47,50,46,71,39,27,33,45,38,43,8,23,57,20,23,57,37,,,,,,,,,,,,,,,,,,,,,,,,,,,,,,,,,,,,,,,,,,,,,,,,,,,,,,,,,,,,,,,,,,,,,,,,,,,,,,,,,,,,,,
5/13/2018,23,39,12,75,29,15,15,38,31,36,25,50,28,53,52,13,46,24,22,6,30,27,47,9,48,45,46,67,37,19,7,60,37,63,7,27,57,17,20,39,27,,,,,,,,,,,,,,,,,,,,,,,,,,,,,,,,,,,,,,,,,,,,,,,,,,,,,,,,,,,,,,,,,,,,,,,,,,,,,,,,,,,,,,
5/20/2018,23,64,23,51,37,5,16,52,39,41,21,17,27,39,35,14,46,25,44,7,33,41,57,9,62,58,48,34,37,26,7,25,38,47,9,29,58,21,21,54,54,,,,,,,,,,,,,,,,,,,,,,,,,,,,,,,,,,,,,,,,,,,,,,,,,,,,,,,,,,,,,,,,,,,,,,,,,,,,,,,,,,,,,,
5/27/2018,27,46,100,55,51,20,33,59,45,56,23,48,37,31,52,12,48,57,22,6,29,48,56,12,74,57,47,68,38,29,59,65,36,70,9,30,70,22,20,44,51,,,,,,,,,,,,,,,,,,,,,,,,,,,,,,,,,,,,,,,,,,,,,,,,,,,,,,,,,,,,,,,,,,,,,,,,,,,,,,,,,,,,,,
6/3/2018,24,86,17,61,46,39,23,70,45,61,22,54,26,26,50,13,48,61,34,7,35,28,61,8,70,50,47,70,38,37,7,58,38,64,9,29,60,26,17,55,44,,,,,,,,,,,,,,,,,,,,,,,,,,,,,,,,,,,,,,,,,,,,,,,,,,,,,,,,,,,,,,,,,,,,,,,,,,,,,,,,,,,,,,
6/10/2018,25,48,22,50,53,39,30,63,36,28,35,37,29,76,49,13,50,46,32,6,29,31,68,11,65,57,44,75,37,31,21,48,40,66,5,32,55,19,25,47,50,,,,,,,,,,,,,,,,,,,,,,,,,,,,,,,,,,,,,,,,,,,,,,,,,,,,,,,,,,,,,,,,,,,,,,,,,,,,,,,,,,,,,,
6/17/2018,21,32,39,70,17,54,15,41,51,47,26,40,24,32,51,14,49,51,33,6,27,26,70,8,64,61,41,78,39,31,56,41,44,59,9,29,70,14,23,31,42,,,,,,,,,,,,,,,,,,,,,,,,,,,,,,,,,,,,,,,,,,,,,,,,,,,,,,,,,,,,,,,,,,,,,,,,,,,,,,,,,,,,,,
6/24/2018,25,44,38,62,35,33,60,62,51,64,29,34,34,54,62,13,50,39,90,6,27,35,61,11,73,60,44,85,38,46,26,41,39,63,9,25,58,15,17,64,43,,,,,,,,,,,,,,,,,,,,,,,,,,,,,,,,,,,,,,,,,,,,,,,,,,,,,,,,,,,,,,,,,,,,,,,,,,,,,,,,,,,,,,
7/1/2018,23,55,55,54,31,29,24,54,60,38,26,61,29,52,54,13,55,45,34,8,27,49,57,10,63,56,40,51,37,35,59,33,40,69,6,25,55,19,19,42,35,,,,,,,,,,,,,,,,,,,,,,,,,,,,,,,,,,,,,,,,,,,,,,,,,,,,,,,,,,,,,,,,,,,,,,,,,,,,,,,,,,,,,,
7/8/2018,27,47,44,72,44,29,8,70,64,50,31,25,27,56,59,14,50,33,47,7,29,23,65,12,93,78,38,39,37,35,41,41,41,55,10,30,67,19,14,13,44,,,,,,,,,,,,,,,,,,,,,,,,,,,,,,,,,,,,,,,,,,,,,,,,,,,,,,,,,,,,,,,,,,,,,,,,,,,,,,,,,,,,,,
7/15/2018,23,78,51,58,27,65,16,92,55,46,30,65,29,77,51,13,49,37,12,8,31,36,62,10,86,73,45,36,38,27,28,60,46,85,9,22,76,20,18,32,58,,,,,,,,,,,,,,,,,,,,,,,,,,,,,,,,,,,,,,,,,,,,,,,,,,,,,,,,,,,,,,,,,,,,,,,,,,,,,,,,,,,,,,
7/22/2018,24,51,6,96,28,34,23,75,53,77,31,36,26,72,57,12,49,33,0,8,30,19,59,10,77,61,40,59,36,38,35,30,51,70,10,25,77,20,18,49,66,,,,,,,,,,,,,,,,,,,,,,,,,,,,,,,,,,,,,,,,,,,,,,,,,,,,,,,,,,,,,,,,,,,,,,,,,,,,,,,,,,,,,,
7/29/2018,21,84,28,93,50,44,16,61,38,34,38,79,30,60,38,13,50,47,46,7,33,36,63,12,81,63,46,82,38,29,54,46,50,73,9,26,77,19,19,38,49,,,,,,,,,,,,,,,,,,,,,,,,,,,,,,,,,,,,,,,,,,,,,,,,,,,,,,,,,,,,,,,,,,,,,,,,,,,,,,,,,,,,,,
8/5/2018,22,64,22,67,50,44,25,50,50,50,30,51,52,74,65,14,50,64,23,7,31,33,58,9,68,67,40,60,38,37,26,47,50,60,8,24,97,22,20,43,76,,,,,,,,,,,,,,,,,,,,,,,,,,,,,,,,,,,,,,,,,,,,,,,,,,,,,,,,,,,,,,,,,,,,,,,,,,,,,,,,,,,,,,
8/12/2018,24,58,67,66,31,72,32,65,48,63,30,35,58,63,66,15,48,42,35,8,33,26,58,10,85,66,43,60,38,34,14,55,55,67,7,25,69,19,25,38,48,,,,,,,,,,,,,,,,,,,,,,,,,,,,,,,,,,,,,,,,,,,,,,,,,,,,,,,,,,,,,,,,,,,,,,,,,,,,,,,,,,,,,,
8/19/2018,24,42,12,56,23,50,58,88,67,66,45,55,56,43,62,12,49,39,23,8,35,27,61,8,82,70,45,70,43,45,29,55,54,87,12,25,72,13,21,26,34,,,,,,,,,,,,,,,,,,,,,,,,,,,,,,,,,,,,,,,,,,,,,,,,,,,,,,,,,,,,,,,,,,,,,,,,,,,,,,,,,,,,,,
8/26/2018,21,100,39,65,37,65,25,61,57,43,45,41,62,30,67,15,48,58,47,7,33,48,60,10,72,65,46,60,40,45,58,52,49,77,12,26,66,18,31,52,49,,,,,,,,,,,,,,,,,,,,,,,,,,,,,,,,,,,,,,,,,,,,,,,,,,,,,,,,,,,,,,,,,,,,,,,,,,,,,,,,,,,,,,
9/2/2018,22,74,40,53,54,45,32,59,49,38,32,52,62,46,52,15,48,50,24,8,34,36,60,12,79,53,49,71,37,53,38,33,43,66,11,21,59,26,25,42,51,,,,,,,,,,,,,,,,,,,,,,,,,,,,,,,,,,,,,,,,,,,,,,,,,,,,,,,,,,,,,,,,,,,,,,,,,,,,,,,,,,,,,,
9/9/2018,25,44,12,71,27,45,23,67,51,63,29,48,58,65,65,17,45,35,80,8,31,31,58,11,65,59,52,60,38,51,77,38,42,75,8,21,69,22,22,45,44,,,,,,,,,,,,,,,,,,,,,,,,,,,,,,,,,,,,,,,,,,,,,,,,,,,,,,,,,,,,,,,,,,,,,,,,,,,,,,,,,,,,,,
9/16/2018,26,50,18,44,32,30,24,78,37,47,19,64,51,36,53,25,46,35,46,8,34,43,53,11,68,41,58,58,38,39,26,37,42,67,9,23,67,18,24,50,33,,,,,,,,,,,,,,,,,,,,,,,,,,,,,,,,,,,,,,,,,,,,,,,,,,,,,,,,,,,,,,,,,,,,,,,,,,,,,,,,,,,,,,
9/23/2018,29,50,47,50,40,25,23,38,60,66,29,41,55,36,54,14,46,21,0,8,36,47,57,10,59,43,53,65,37,44,47,31,36,48,13,25,60,22,25,33,41,,,,,,,,,,,,,,,,,,,,,,,,,,,,,,,,,,,,,,,,,,,,,,,,,,,,,,,,,,,,,,,,,,,,,,,,,,,,,,,,,,,,,,
9/30/2018,26,51,41,63,22,44,40,43,63,56,23,22,75,48,52,15,46,50,66,8,34,35,49,11,54,42,56,84,38,50,20,34,39,57,10,27,60,17,24,41,47,,,,,,,,,,,,,,,,,,,,,,,,,,,,,,,,,,,,,,,,,,,,,,,,,,,,,,,,,,,,,,,,,,,,,,,,,,,,,,,,,,,,,,
10/7/2018,24,56,11,46,52,52,24,73,47,54,25,49,56,54,44,18,45,28,58,8,28,39,54,13,57,52,49,56,38,41,54,34,41,59,9,30,60,14,22,68,67,,,,,,,,,,,,,,,,,,,,,,,,,,,,,,,,,,,,,,,,,,,,,,,,,,,,,,,,,,,,,,,,,,,,,,,,,,,,,,,,,,,,,,
10/14/2018,24,59,30,73,52,60,48,54,53,48,21,40,66,58,49,15,46,38,35,8,36,37,62,9,56,40,52,71,39,50,78,64,34,65,10,24,63,23,25,69,48,,,,,,,,,,,,,,,,,,,,,,,,,,,,,,,,,,,,,,,,,,,,,,,,,,,,,,,,,,,,,,,,,,,,,,,,,,,,,,,,,,,,,,
10/21/2018,25,49,62,62,36,20,38,53,47,52,22,47,41,32,53,15,47,45,79,8,33,43,62,9,60,48,51,86,39,42,48,61,35,43,9,28,50,20,28,39,34,,,,,,,,,,,,,,,,,,,,,,,,,,,,,,,,,,,,,,,,,,,,,,,,,,,,,,,,,,,,,,,,,,,,,,,,,,,,,,,,,,,,,,
10/28/2018,28,49,60,71,34,24,31,24,60,43,30,48,48,63,61,15,48,41,57,8,33,35,53,8,59,32,46,70,39,44,20,41,37,44,9,27,53,16,18,51,58,,,,,,,,,,,,,,,,,,,,,,,,,,,,,,,,,,,,,,,,,,,,,,,,,,,,,,,,,,,,,,,,,,,,,,,,,,,,,,,,,,,,,,
11/4/2018,26,57,28,78,23,39,61,45,52,56,34,35,35,46,50,14,47,37,34,9,35,35,62,14,53,30,48,58,38,44,13,63,38,45,7,31,48,23,32,45,58,,,,,,,,,,,,,,,,,,,,,,,,,,,,,,,,,,,,,,,,,,,,,,,,,,,,,,,,,,,,,,,,,,,,,,,,,,,,,,,,,,,,,,
11/11/2018,28,48,46,97,54,38,29,36,43,36,28,47,35,56,59,14,47,48,34,8,35,45,65,12,61,42,45,59,38,53,57,24,38,34,10,31,56,20,28,54,47,,,,,,,,,,,,,,,,,,,,,,,,,,,,,,,,,,,,,,,,,,,,,,,,,,,,,,,,,,,,,,,,,,,,,,,,,,,,,,,,,,,,,,
11/18/2018,30,37,11,62,27,28,28,35,46,17,32,70,31,42,52,15,50,45,22,9,31,40,65,12,50,39,47,81,37,47,36,51,33,57,13,31,43,19,24,49,48,,,,,,,,,,,,,,,,,,,,,,,,,,,,,,,,,,,,,,,,,,,,,,,,,,,,,,,,,,,,,,,,,,,,,,,,,,,,,,,,,,,,,,
11/25/2018,30,56,32,65,50,54,42,35,43,45,29,51,37,23,52,14,47,40,45,8,31,35,64,12,53,36,47,61,41,44,21,69,36,39,10,35,57,17,23,68,47,,,,,,,,,,,,,,,,,,,,,,,,,,,,,,,,,,,,,,,,,,,,,,,,,,,,,,,,,,,,,,,,,,,,,,,,,,,,,,,,,,,,,,
12/2/2018,25,62,27,76,31,42,70,31,55,63,36,59,32,48,50,14,48,43,45,7,34,34,69,10,47,27,47,47,41,44,41,53,40,66,10,31,62,19,19,42,37,,,,,,,,,,,,,,,,,,,,,,,,,,,,,,,,,,,,,,,,,,,,,,,,,,,,,,,,,,,,,,,,,,,,,,,,,,,,,,,,,,,,,,
12/9/2018,26,36,49,58,30,14,48,47,47,51,32,24,50,44,58,13,48,27,11,8,34,43,60,10,55,49,45,43,44,54,14,48,38,50,10,32,57,14,20,68,54,,,,,,,,,,,,,,,,,,,,,,,,,,,,,,,,,,,,,,,,,,,,,,,,,,,,,,,,,,,,,,,,,,,,,,,,,,,,,,,,,,,,,,
12/16/2018,24,55,46,74,40,41,49,61,69,47,33,54,46,39,65,15,50,46,75,9,34,29,66,14,56,29,52,77,54,46,50,28,41,49,11,36,56,23,17,80,72,,,,,,,,,,,,,,,,,,,,,,,,,,,,,,,,,,,,,,,,,,,,,,,,,,,,,,,,,,,,,,,,,,,,,,,,,,,,,,,,,,,,,,
12/23/2018,28,61,17,89,46,71,100,49,72,41,41,70,48,85,81,17,58,65,0,14,57,80,91,16,77,49,63,97,56,44,52,34,52,50,20,30,78,25,14,70,73,,,,,,,,,,,,,,,,,,,,,,,,,,,,,,,,,,,,,,,,,,,,,,,,,,,,,,,,,,,,,,,,,,,,,,,,,,,,,,,,,,,,,,
12/30/2018,28,63,65,74,56,59,37,56,67,73,41,54,50,64,70,18,61,53,93,13,55,54,92,12,80,61,59,86,56,60,30,65,55,78,18,35,73,34,20,52,57,,,,,,,,,,,,,,,,,,,,,,,,,,,,,,,,,,,,,,,,,,,,,,,,,,,,,,,,,,,,,,,,,,,,,,,,,,,,,,,,,,,,,,
1/6/2019,21,57,42,50,40,22,56,38,31,69,31,28,43,37,59,12,47,29,12,9,30,24,72,12,63,37,43,68,41,48,28,41,36,39,13,36,54,18,15,34,38,,,,,,,,,,,,,,,,,,,,,,,,,,,,,,,,,,,,,,,,,,,,,,,,,,,,,,,,,,,,,,,,,,,,,,,,,,,,,,,,,,,,,,
1/13/2019,23,50,58,73,40,22,27,39,42,15,25,42,34,41,50,12,47,46,34,9,26,55,65,10,56,39,44,89,39,54,57,53,35,54,9,33,65,19,16,39,53,,,,,,,,,,,,,,,,,,,,,,,,,,,,,,,,,,,,,,,,,,,,,,,,,,,,,,,,,,,,,,,,,,,,,,,,,,,,,,,,,,,,,,
1/20/2019,22,48,37,59,52,72,40,46,49,36,35,69,36,56,60,13,48,52,0,8,26,44,63,9,47,26,43,70,36,50,34,37,34,52,17,29,61,25,18,38,51,,,,,,,,,,,,,,,,,,,,,,,,,,,,,,,,,,,,,,,,,,,,,,,,,,,,,,,,,,,,,,,,,,,,,,,,,,,,,,,,,,,,,,
1/27/2019,21,66,37,63,34,17,13,25,44,48,17,21,35,56,57,12,47,43,23,9,26,42,65,14,67,43,45,48,36,45,35,32,33,50,8,33,62,19,17,27,44,,,,,,,,,,,,,,,,,,,,,,,,,,,,,,,,,,,,,,,,,,,,,,,,,,,,,,,,,,,,,,,,,,,,,,,,,,,,,,,,,,,,,,
2/3/2019,21,53,42,54,48,22,40,34,44,44,33,46,34,25,54,14,48,61,34,8,32,33,57,10,65,31,45,47,36,36,40,48,38,43,9,26,61,21,12,48,49,,,,,,,,,,,,,,,,,,,,,,,,,,,,,,,,,,,,,,,,,,,,,,,,,,,,,,,,,,,,,,,,,,,,,,,,,,,,,,,,,,,,,,
2/10/2019,24,52,63,44,38,22,46,25,41,48,34,56,42,41,46,13,47,31,33,7,29,48,59,11,53,28,48,65,38,48,28,49,35,54,11,29,67,21,14,50,37,,,,,,,,,,,,,,,,,,,,,,,,,,,,,,,,,,,,,,,,,,,,,,,,,,,,,,,,,,,,,,,,,,,,,,,,,,,,,,,,,,,,,,
2/17/2019,26,53,27,54,38,27,13,32,48,46,26,44,34,38,44,15,47,50,57,8,31,41,64,9,62,44,52,79,38,55,41,47,36,39,12,21,71,18,18,33,64,,,,,,,,,,,,,,,,,,,,,,,,,,,,,,,,,,,,,,,,,,,,,,,,,,,,,,,,,,,,,,,,,,,,,,,,,,,,,,,,,,,,,,
2/24/2019,24,42,39,53,38,40,26,49,44,31,27,57,35,26,45,12,47,53,34,7,32,55,64,9,58,22,50,75,36,40,41,27,43,57,8,26,67,19,18,37,49,,,,,,,,,,,,,,,,,,,,,,,,,,,,,,,,,,,,,,,,,,,,,,,,,,,,,,,,,,,,,,,,,,,,,,,,,,,,,,,,,,,,,,
3/3/2019,22,37,29,56,36,39,37,50,42,31,22,33,51,38,52,12,48,45,23,7,31,45,59,11,59,38,49,73,37,49,27,45,39,46,8,30,56,28,26,11,49,,,,,,,,,,,,,,,,,,,,,,,,,,,,,,,,,,,,,,,,,,,,,,,,,,,,,,,,,,,,,,,,,,,,,,,,,,,,,,,,,,,,,,
3/10/2019,22,58,28,43,22,37,34,30,47,29,24,56,38,46,55,13,47,29,46,7,29,49,58,9,59,34,49,52,37,61,21,47,39,58,7,28,59,26,16,53,53,,,,,,,,,,,,,,,,,,,,,,,,,,,,,,,,,,,,,,,,,,,,,,,,,,,,,,,,,,,,,,,,,,,,,,,,,,,,,,,,,,,,,,
3/17/2019,25,65,29,50,21,48,41,42,57,28,21,44,35,34,56,13,49,58,57,8,31,35,69,12,65,36,50,79,38,54,48,70,41,61,10,23,83,17,20,56,67,,,,,,,,,,,,,,,,,,,,,,,,,,,,,,,,,,,,,,,,,,,,,,,,,,,,,,,,,,,,,,,,,,,,,,,,,,,,,,,,,,,,,,
3/24/2019,26,45,6,58,30,37,14,21,36,37,26,48,35,30,64,15,49,13,32,7,33,37,61,9,74,37,58,81,40,62,22,46,41,62,7,27,70,23,18,69,57,,,,,,,,,,,,,,,,,,,,,,,,,,,,,,,,,,,,,,,,,,,,,,,,,,,,,,,,,,,,,,,,,,,,,,,,,,,,,,,,,,,,,,
3/31/2019,27,62,18,35,35,29,31,33,49,38,29,58,35,52,71,14,47,10,23,8,36,34,62,10,72,35,53,85,37,55,21,61,39,79,7,35,78,19,20,31,50,,,,,,,,,,,,,,,,,,,,,,,,,,,,,,,,,,,,,,,,,,,,,,,,,,,,,,,,,,,,,,,,,,,,,,,,,,,,,,,,,,,,,,
4/7/2019,29,62,39,73,47,23,36,50,43,50,25,38,39,4,53,13,49,23,12,7,33,37,61,10,71,34,53,80,37,67,28,40,40,73,10,29,70,24,21,43,54,,,,,,,,,,,,,,,,,,,,,,,,,,,,,,,,,,,,,,,,,,,,,,,,,,,,,,,,,,,,,,,,,,,,,,,,,,,,,,,,,,,,,,
4/14/2019,30,55,41,55,17,37,35,36,46,50,28,47,37,26,50,15,47,43,12,8,32,34,62,11,74,42,53,82,42,60,28,43,42,61,10,32,86,27,21,49,33,,,,,,,,,,,,,,,,,,,,,,,,,,,,,,,,,,,,,,,,,,,,,,,,,,,,,,,,,,,,,,,,,,,,,,,,,,,,,,,,,,,,,,
4/21/2019,24,21,58,87,14,25,16,58,47,70,24,50,37,43,47,13,47,36,38,7,33,35,62,10,78,72,47,89,39,56,49,12,36,66,9,27,72,19,16,33,65,,,,,,,,,,,,,,,,,,,,,,,,,,,,,,,,,,,,,,,,,,,,,,,,,,,,,,,,,,,,,,,,,,,,,,,,,,,,,,,,,,,,,,
4/28/2019,27,40,12,60,28,73,24,23,49,48,35,86,30,62,50,13,47,51,37,7,34,35,63,9,75,52,49,76,37,60,36,46,41,52,8,32,83,28,20,62,33,,,,,,,,,,,,,,,,,,,,,,,,,,,,,,,,,,,,,,,,,,,,,,,,,,,,,,,,,,,,,,,,,,,,,,,,,,,,,,,,,,,,,,
5/5/2019,24,57,29,52,23,14,0,36,46,35,17,37,34,52,60,14,48,50,37,7,35,32,59,11,78,43,52,77,37,58,24,28,42,50,13,32,62,15,17,33,35,,,,,,,,,,,,,,,,,,,,,,,,,,,,,,,,,,,,,,,,,,,,,,,,,,,,,,,,,,,,,,,,,,,,,,,,,,,,,,,,,,,,,,
5/12/2019,24,33,27,49,37,27,29,37,58,32,30,50,41,39,50,15,48,49,0,8,34,28,59,10,77,55,47,73,38,45,38,41,39,61,9,32,69,29,20,61,54,,,,,,,,,,,,,,,,,,,,,,,,,,,,,,,,,,,,,,,,,,,,,,,,,,,,,,,,,,,,,,,,,,,,,,,,,,,,,,,,,,,,,,
5/19/2019,27,50,34,56,45,15,30,62,48,35,33,35,37,57,58,14,50,33,37,7,33,36,59,12,72,56,51,81,39,36,63,40,41,69,9,35,70,16,17,45,44,,,,,,,,,,,,,,,,,,,,,,,,,,,,,,,,,,,,,,,,,,,,,,,,,,,,,,,,,,,,,,,,,,,,,,,,,,,,,,,,,,,,,,
5/26/2019,26,44,32,57,60,32,8,56,59,33,28,39,41,43,52,12,53,46,52,7,32,35,62,13,74,56,53,81,40,54,21,36,39,62,8,32,69,20,17,48,34,,,,,,,,,,,,,,,,,,,,,,,,,,,,,,,,,,,,,,,,,,,,,,,,,,,,,,,,,,,,,,,,,,,,,,,,,,,,,,,,,,,,,,
6/2/2019,27,71,17,53,32,19,30,74,80,51,19,33,35,50,46,13,51,35,13,8,35,25,62,10,88,55,48,96,38,66,29,36,39,84,10,36,74,17,20,61,50,,,,,,,,,,,,,,,,,,,,,,,,,,,,,,,,,,,,,,,,,,,,,,,,,,,,,,,,,,,,,,,,,,,,,,,,,,,,,,,,,,,,,,
6/9/2019,27,20,42,65,42,24,55,43,54,19,23,30,49,68,60,13,50,34,64,8,35,31,57,11,100,79,51,75,43,70,58,56,42,87,10,42,82,17,24,45,51,,,,,,,,,,,,,,,,,,,,,,,,,,,,,,,,,,,,,,,,,,,,,,,,,,,,,,,,,,,,,,,,,,,,,,,,,,,,,,,,,,,,,,
6/16/2019,26,63,12,75,42,44,58,74,43,50,30,50,43,37,59,14,52,70,13,8,33,46,58,10,97,75,54,75,40,61,53,38,47,77,10,43,88,20,22,76,58,,,,,,,,,,,,,,,,,,,,,,,,,,,,,,,,,,,,,,,,,,,,,,,,,,,,,,,,,,,,,,,,,,,,,,,,,,,,,,,,,,,,,,
6/23/2019,27,62,24,55,37,34,8,72,56,50,35,64,48,37,67,13,52,25,39,8,34,24,57,11,79,81,47,74,41,67,53,71,50,59,17,38,82,19,21,40,53,,,,,,,,,,,,,,,,,,,,,,,,,,,,,,,,,,,,,,,,,,,,,,,,,,,,,,,,,,,,,,,,,,,,,,,,,,,,,,,,,,,,,,
6/30/2019,28,64,42,59,61,48,74,79,64,27,27,54,47,74,51,13,56,46,39,7,31,41,59,12,86,62,48,76,40,53,61,33,44,87,11,38,84,24,15,42,50,,,,,,,,,,,,,,,,,,,,,,,,,,,,,,,,,,,,,,,,,,,,,,,,,,,,,,,,,,,,,,,,,,,,,,,,,,,,,,,,,,,,,,
7/7/2019,27,72,51,53,46,71,0,70,68,32,33,51,54,72,59,14,51,46,0,8,32,45,66,8,86,76,48,72,40,58,68,62,46,70,14,33,82,22,14,57,64,,,,,,,,,,,,,,,,,,,,,,,,,,,,,,,,,,,,,,,,,,,,,,,,,,,,,,,,,,,,,,,,,,,,,,,,,,,,,,,,,,,,,,
7/14/2019,26,62,47,83,65,67,57,49,61,37,24,63,42,78,69,13,50,49,26,9,34,46,70,12,94,76,49,97,39,65,48,34,48,91,9,32,95,22,14,62,64,,,,,,,,,,,,,,,,,,,,,,,,,,,,,,,,,,,,,,,,,,,,,,,,,,,,,,,,,,,,,,,,,,,,,,,,,,,,,,,,,,,,,,
7/21/2019,25,58,47,85,42,10,25,89,85,64,29,63,38,42,64,14,54,77,40,8,34,28,58,13,97,100,47,89,39,50,74,63,50,84,10,31,100,21,17,69,57,,,,,,,,,,,,,,,,,,,,,,,,,,,,,,,,,,,,,,,,,,,,,,,,,,,,,,,,,,,,,,,,,,,,,,,,,,,,,,,,,,,,,,
7/28/2019,21,51,79,86,63,73,41,63,55,80,32,49,48,76,66,14,53,45,81,8,33,33,70,10,97,87,51,82,40,52,57,39,54,84,16,31,97,29,23,58,59,,,,,,,,,,,,,,,,,,,,,,,,,,,,,,,,,,,,,,,,,,,,,,,,,,,,,,,,,,,,,,,,,,,,,,,,,,,,,,,,,,,,,,
8/4/2019,22,79,46,98,52,43,56,50,50,70,47,61,41,61,58,14,52,64,26,12,37,41,73,11,97,66,51,63,39,50,87,60,56,90,10,33,85,26,20,80,54,,,,,,,,,,,,,,,,,,,,,,,,,,,,,,,,,,,,,,,,,,,,,,,,,,,,,,,,,,,,,,,,,,,,,,,,,,,,,,,,,,,,,,
8/11/2019,24,75,27,66,51,63,40,71,72,50,35,51,39,54,63,15,51,53,66,8,34,27,68,12,89,94,49,94,38,51,58,62,54,75,6,30,84,20,24,55,55,,,,,,,,,,,,,,,,,,,,,,,,,,,,,,,,,,,,,,,,,,,,,,,,,,,,,,,,,,,,,,,,,,,,,,,,,,,,,,,,,,,,,,
8/18/2019,26,80,52,67,51,65,41,81,48,41,43,47,50,54,66,15,50,30,26,8,36,33,62,11,93,46,48,55,40,48,40,42,53,68,12,28,97,21,21,57,60,,,,,,,,,,,,,,,,,,,,,,,,,,,,,,,,,,,,,,,,,,,,,,,,,,,,,,,,,,,,,,,,,,,,,,,,,,,,,,,,,,,,,,
8/25/2019,31,50,29,56,33,38,41,66,52,40,31,74,39,44,53,16,48,30,66,8,35,31,57,14,80,65,49,44,38,40,33,26,49,57,14,26,83,23,21,87,54,,,,,,,,,,,,,,,,,,,,,,,,,,,,,,,,,,,,,,,,,,,,,,,,,,,,,,,,,,,,,,,,,,,,,,,,,,,,,,,,,,,,,,
9/1/2019,30,65,28,77,42,37,32,79,43,34,33,60,24,47,52,15,48,43,77,8,36,32,62,10,65,64,51,66,37,31,45,46,49,69,11,30,78,13,21,57,45,,,,,,,,,,,,,,,,,,,,,,,,,,,,,,,,,,,,,,,,,,,,,,,,,,,,,,,,,,,,,,,,,,,,,,,,,,,,,,,,,,,,,,
9/8/2019,31,59,45,35,56,23,54,63,54,44,40,48,50,40,47,18,47,31,37,8,33,39,56,11,77,63,56,63,37,35,51,54,44,70,10,24,72,20,24,49,43,,,,,,,,,,,,,,,,,,,,,,,,,,,,,,,,,,,,,,,,,,,,,,,,,,,,,,,,,,,,,,,,,,,,,,,,,,,,,,,,,,,,,,
9/15/2019,31,62,47,62,55,28,52,54,62,44,34,31,38,57,52,27,47,40,87,9,37,39,63,9,79,61,64,60,37,33,27,56,41,76,10,28,68,19,26,53,49,,,,,,,,,,,,,,,,,,,,,,,,,,,,,,,,,,,,,,,,,,,,,,,,,,,,,,,,,,,,,,,,,,,,,,,,,,,,,,,,,,,,,,
9/22/2019,28,51,23,71,49,27,7,52,51,46,29,44,46,35,60,18,49,47,48,9,35,37,58,11,84,49,60,48,38,40,27,60,42,79,12,28,64,20,21,51,51,,,,,,,,,,,,,,,,,,,,,,,,,,,,,,,,,,,,,,,,,,,,,,,,,,,,,,,,,,,,,,,,,,,,,,,,,,,,,,,,,,,,,,
9/29/2019,23,62,28,78,45,53,22,49,54,53,27,50,46,24,54,16,48,22,12,10,38,44,48,12,81,39,58,51,39,35,60,42,41,59,9,27,71,18,22,48,51,,,,,,,,,,,,,,,,,,,,,,,,,,,,,,,,,,,,,,,,,,,,,,,,,,,,,,,,,,,,,,,,,,,,,,,,,,,,,,,,,,,,,,
10/6/2019,28,55,39,57,39,23,51,35,35,48,26,34,32,44,45,15,48,42,24,8,30,38,60,13,81,41,58,45,39,40,33,30,43,69,11,25,69,26,23,86,38,,,,,,,,,,,,,,,,,,,,,,,,,,,,,,,,,,,,,,,,,,,,,,,,,,,,,,,,,,,,,,,,,,,,,,,,,,,,,,,,,,,,,,
10/13/2019,29,39,34,70,23,85,52,43,52,24,32,45,41,43,54,14,49,43,0,7,36,41,63,16,78,39,59,62,39,42,48,55,35,53,9,22,68,24,21,66,42,,,,,,,,,,,,,,,,,,,,,,,,,,,,,,,,,,,,,,,,,,,,,,,,,,,,,,,,,,,,,,,,,,,,,,,,,,,,,,,,,,,,,,
10/20/2019,28,43,17,76,48,58,28,52,50,45,22,59,38,36,63,11,49,38,48,13,30,36,66,17,77,33,56,84,37,44,46,46,38,58,19,33,59,21,23,58,37,,,,,,,,,,,,,,,,,,,,,,,,,,,,,,,,,,,,,,,,,,,,,,,,,,,,,,,,,,,,,,,,,,,,,,,,,,,,,,,,,,,,,,
10/27/2019,32,59,26,64,51,51,35,45,45,55,36,51,34,88,63,13,48,45,12,10,31,38,64,12,65,37,52,48,38,29,59,64,43,56,10,26,62,25,20,34,37,,,,,,,,,,,,,,,,,,,,,,,,,,,,,,,,,,,,,,,,,,,,,,,,,,,,,,,,,,,,,,,,,,,,,,,,,,,,,,,,,,,,,,
11/3/2019,29,39,41,62,22,33,55,35,52,25,30,48,38,70,58,13,49,51,12,9,37,47,61,10,57,39,52,62,38,31,52,44,40,54,10,32,69,27,21,44,29,,,,,,,,,,,,,,,,,,,,,,,,,,,,,,,,,,,,,,,,,,,,,,,,,,,,,,,,,,,,,,,,,,,,,,,,,,,,,,,,,,,,,,
11/10/2019,31,38,47,38,43,66,53,37,46,36,31,40,41,55,53,13,48,54,47,8,36,48,65,13,61,30,51,57,41,38,53,65,40,47,10,34,58,24,13,70,38,,,,,,,,,,,,,,,,,,,,,,,,,,,,,,,,,,,,,,,,,,,,,,,,,,,,,,,,,,,,,,,,,,,,,,,,,,,,,,,,,,,,,,
11/17/2019,27,62,37,40,26,50,26,27,47,44,23,34,41,37,53,13,50,62,23,10,31,29,71,12,64,28,54,50,39,31,28,49,41,48,14,32,63,27,28,56,46,,,,,,,,,,,,,,,,,,,,,,,,,,,,,,,,,,,,,,,,,,,,,,,,,,,,,,,,,,,,,,,,,,,,,,,,,,,,,,,,,,,,,,
11/24/2019,30,44,15,41,46,32,20,33,51,45,20,43,31,37,49,15,49,63,0,8,29,57,60,13,62,34,51,57,40,26,55,45,36,43,10,38,61,26,23,69,58,,,,,,,,,,,,,,,,,,,,,,,,,,,,,,,,,,,,,,,,,,,,,,,,,,,,,,,,,,,,,,,,,,,,,,,,,,,,,,,,,,,,,,
12/1/2019,29,56,10,36,41,61,39,41,45,45,22,51,29,27,48,13,47,44,11,8,35,30,67,13,59,24,54,67,42,44,53,52,42,41,10,35,57,29,24,62,37,,,,,,,,,,,,,,,,,,,,,,,,,,,,,,,,,,,,,,,,,,,,,,,,,,,,,,,,,,,,,,,,,,,,,,,,,,,,,,,,,,,,,,
12/8/2019,30,43,30,67,24,50,13,58,52,42,33,38,32,61,58,13,49,24,22,8,35,34,65,13,56,36,56,69,43,36,21,40,44,57,13,35,62,20,16,38,51,,,,,,,,,,,,,,,,,,,,,,,,,,,,,,,,,,,,,,,,,,,,,,,,,,,,,,,,,,,,,,,,,,,,,,,,,,,,,,,,,,,,,,
12/15/2019,26,60,36,64,20,48,64,33,52,51,38,36,41,48,47,13,49,43,34,9,39,51,74,11,61,42,59,79,55,36,74,54,47,49,16,37,69,25,18,35,52,,,,,,,,,,,,,,,,,,,,,,,,,,,,,,,,,,,,,,,,,,,,,,,,,,,,,,,,,,,,,,,,,,,,,,,,,,,,,,,,,,,,,,
12/22/2019,33,59,47,75,49,40,32,67,76,46,44,99,48,90,76,17,60,62,72,15,58,65,100,23,71,33,74,53,64,46,68,75,60,56,20,39,81,42,19,90,78,,,,,,,,,,,,,,,,,,,,,,,,,,,,,,,,,,,,,,,,,,,,,,,,,,,,,,,,,,,,,,,,,,,,,,,,,,,,,,,,,,,,,,
12/29/2019,36,67,44,84,27,50,60,85,53,72,47,96,40,67,79,20,63,55,14,14,58,51,100,19,90,37,74,67,63,53,41,69,62,63,18,44,89,37,22,89,75,,,,,,,,,,,,,,,,,,,,,,,,,,,,,,,,,,,,,,,,,,,,,,,,,,,,,,,,,,,,,,,,,,,,,,,,,,,,,,,,,,,,,,
1/5/2020,25,61,34,56,48,43,13,36,55,45,31,55,47,47,54,14,47,44,11,8,35,41,84,12,64,49,46,59,42,42,26,41,38,40,14,37,72,31,15,59,74,,,,,,,,,,,,,,,,,,,,,,,,,,,,,,,,,,,,,,,,,,,,,,,,,,,,,,,,,,,,,,,,,,,,,,,,,,,,,,,,,,,,,,
1/12/2020,27,37,38,59,49,41,18,60,51,52,30,57,43,61,63,15,47,40,71,10,32,32,73,13,67,43,52,54,41,42,58,41,39,47,14,31,58,19,17,86,50,,,,,,,,,,,,,,,,,,,,,,,,,,,,,,,,,,,,,,,,,,,,,,,,,,,,,,,,,,,,,,,,,,,,,,,,,,,,,,,,,,,,,,
1/19/2020,26,47,14,67,23,47,24,26,42,36,25,75,45,64,58,14,50,30,10,10,29,40,67,11,66,43,49,60,41,45,20,38,40,45,11,33,67,25,18,69,35,,,,,,,,,,,,,,,,,,,,,,,,,,,,,,,,,,,,,,,,,,,,,,,,,,,,,,,,,,,,,,,,,,,,,,,,,,,,,,,,,,,,,,
1/26/2020,20,76,19,56,55,38,36,51,82,59,39,45,50,60,74,13,50,48,63,9,31,42,75,11,68,38,49,56,42,47,61,62,40,58,11,34,61,28,12,66,62,,,,,,,,,,,,,,,,,,,,,,,,,,,,,,,,,,,,,,,,,,,,,,,,,,,,,,,,,,,,,,,,,,,,,,,,,,,,,,,,,,,,,,
2/2/2020,24,51,33,45,47,26,30,42,53,38,28,59,47,31,68,14,49,63,0,8,28,45,67,12,65,42,51,44,40,45,27,57,41,39,8,31,51,21,14,52,56,,,,,,,,,,,,,,,,,,,,,,,,,,,,,,,,,,,,,,,,,,,,,,,,,,,,,,,,,,,,,,,,,,,,,,,,,,,,,,,,,,,,,,
2/9/2020,24,54,29,70,55,48,12,29,38,53,35,52,45,47,57,14,49,41,72,8,31,43,61,17,53,34,54,59,39,44,55,52,39,35,9,33,53,18,17,35,57,,,,,,,,,,,,,,,,,,,,,,,,,,,,,,,,,,,,,,,,,,,,,,,,,,,,,,,,,,,,,,,,,,,,,,,,,,,,,,,,,,,,,,
2/16/2020,22,53,19,63,33,46,37,52,67,39,29,47,51,41,62,14,50,48,20,8,32,35,63,11,66,38,53,39,38,47,40,50,44,42,10,28,63,23,16,64,80,,,,,,,,,,,,,,,,,,,,,,,,,,,,,,,,,,,,,,,,,,,,,,,,,,,,,,,,,,,,,,,,,,,,,,,,,,,,,,,,,,,,,,
2/23/2020,29,82,71,100,96,60,53,74,100,76,60,99,65,74,100,14,55,100,61,10,37,56,74,12,97,65,59,76,50,60,84,61,57,48,10,35,83,36,27,40,100,,,,,,,,,,,,,,,,,,,,,,,,,,,,,,,,,,,,,,,,,,,,,,,,,,,,,,,,,,,,,,,,,,,,,,,,,,,,,,,,,,,,,,
3/1/2020,45,69,37,74,71,40,62,44,68,39,100,41,56,61,83,29,64,42,42,12,37,43,80,14,88,48,58,76,92,55,81,75,56,74,12,55,79,27,25,92,50,,,,,,,,,,,,,,,,,,,,,,,,,,,,,,,,,,,,,,,,,,,,,,,,,,,,,,,,,,,,,,,,,,,,,,,,,,,,,,,,,,,,,,
3/8/2020,92,76,53,97,63,81,54,42,54,100,72,52,63,95,85,49,83,74,42,64,61,93,96,100,90,71,67,64,96,50,81,83,100,100,52,47,81,100,100,67,81,,,,,,,,,,,,,,,,,,,,,,,,,,,,,,,,,,,,,,,,,,,,,,,,,,,,,,,,,,,,,,,,,,,,,,,,,,,,,,,,,,,,,,
3/15/2020,64,73,28,76,31,44,52,31,53,65,59,38,100,61,68,100,79,80,47,100,100,100,92,76,80,67,100,79,83,47,56,71,79,91,100,65,71,69,79,60,50,,,,,,,,,,,,,,,,,,,,,,,,,,,,,,,,,,,,,,,,,,,,,,,,,,,,,,,,,,,,,,,,,,,,,,,,,,,,,,,,,,,,,,
3/22/2020,45,48,16,83,44,63,40,32,51,46,42,51,68,48,66,40,74,71,27,32,75,74,77,53,70,46,87,70,56,60,33,66,73,65,46,46,67,46,35,60,34,,,,,,,,,,,,,,,,,,,,,,,,,,,,,,,,,,,,,,,,,,,,,,,,,,,,,,,,,,,,,,,,,,,,,,,,,,,,,,,,,,,,,,
3/29/2020,38,62,50,48,42,38,29,56,46,55,44,44,62,32,60,25,100,76,35,22,70,42,62,41,72,40,88,52,100,57,20,58,54,73,27,43,57,40,35,57,43,,,,,,,,,,,,,,,,,,,,,,,,,,,,,,,,,,,,,,,,,,,,,,,,,,,,,,,,,,,,,,,,,,,,,,,,,,,,,,,,,,,,,,
4/5/2020,41,40,23,50,37,55,27,28,35,48,36,50,49,51,61,25,72,49,26,22,73,47,60,31,68,37,72,48,51,47,34,48,52,38,29,48,57,29,26,55,46,,,,,,,,,,,,,,,,,,,,,,,,,,,,,,,,,,,,,,,,,,,,,,,,,,,,,,,,,,,,,,,,,,,,,,,,,,,,,,,,,,,,,,
4/12/2020,65,48,45,62,24,36,33,35,36,49,33,58,51,54,60,25,65,34,27,25,74,29,59,34,61,29,71,81,50,50,21,56,58,37,24,45,62,32,33,41,57,,,,,,,,,,,,,,,,,,,,,,,,,,,,,,,,,,,,,,,,,,,,,,,,,,,,,,,,,,,,,,,,,,,,,,,,,,,,,,,,,,,,,,
4/19/2020,74,50,26,51,26,32,34,48,44,31,39,27,48,23,55,26,65,35,18,23,78,48,62,32,70,44,65,75,51,57,52,67,56,38,20,54,63,31,27,16,35,,,,,,,,,,,,,,,,,,,,,,,,,,,,,,,,,,,,,,,,,,,,,,,,,,,,,,,,,,,,,,,,,,,,,,,,,,,,,,,,,,,,,,
4/26/2020,80,67,18,54,53,37,17,36,41,49,33,29,43,49,52,23,61,28,39,19,68,43,69,31,67,37,72,48,48,40,16,44,54,50,17,53,55,32,29,64,63,,,,,,,,,,,,,,,,,,,,,,,,,,,,,,,,,,,,,,,,,,,,,,,,,,,,,,,,,,,,,,,,,,,,,,,,,,,,,,,,,,,,,,
5/3/2020,90,64,27,50,39,54,16,50,38,52,31,44,45,50,66,22,60,37,30,15,66,28,71,25,56,38,68,63,52,33,15,63,56,40,17,58,52,35,28,40,36,,,,,,,,,,,,,,,,,,,,,,,,,,,,,,,,,,,,,,,,,,,,,,,,,,,,,,,,,,,,,,,,,,,,,,,,,,,,,,,,,,,,,,
5/10/2020,100,44,23,38,53,42,22,52,46,40,33,36,46,51,64,22,57,29,11,17,66,40,61,20,59,41,76,51,44,53,15,57,57,52,17,57,57,36,31,27,47,,,,,,,,,,,,,,,,,,,,,,,,,,,,,,,,,,,,,,,,,,,,,,,,,,,,,,,,,,,,,,,,,,,,,,,,,,,,,,,,,,,,,,
5/17/2020,87,38,19,53,49,26,28,45,38,41,25,42,39,37,53,21,57,58,0,13,63,43,64,21,62,46,76,63,48,40,47,41,60,44,12,54,60,33,30,54,46,,,,,,,,,,,,,,,,,,,,,,,,,,,,,,,,,,,,,,,,,,,,,,,,,,,,,,,,,,,,,,,,,,,,,,,,,,,,,,,,,,,,,,
5/24/2020,83,52,45,53,31,30,28,60,31,55,29,42,43,30,51,20,56,52,23,14,56,30,60,19,61,36,67,60,49,39,29,37,56,49,14,46,47,38,29,42,40,,,,,,,,,,,,,,,,,,,,,,,,,,,,,,,,,,,,,,,,,,,,,,,,,,,,,,,,,,,,,,,,,,,,,,,,,,,,,,,,,,,,,,
5/31/2020,79,65,27,50,42,46,24,38,52,52,34,60,30,38,49,19,50,41,23,13,55,36,56,25,49,46,61,46,44,37,36,43,51,38,13,44,52,31,30,46,42,,,,,,,,,,,,,,,,,,,,,,,,,,,,,,,,,,,,,,,,,,,,,,,,,,,,,,,,,,,,,,,,,,,,,,,,,,,,,,,,,,,,,,
6/7/2020,66,64,28,64,25,31,18,31,49,54,35,71,37,42,46,20,52,37,11,15,50,42,64,22,53,34,64,51,42,48,30,72,50,42,16,41,50,35,31,41,36,,,,,,,,,,,,,,,,,,,,,,,,,,,,,,,,,,,,,,,,,,,,,,,,,,,,,,,,,,,,,,,,,,,,,,,,,,,,,,,,,,,,,,
6/14/2020,67,51,34,44,48,26,29,59,45,43,34,44,40,75,53,14,55,43,54,12,50,47,62,20,45,32,63,57,44,34,63,46,51,36,16,44,56,31,37,63,32,,,,,,,,,,,,,,,,,,,,,,,,,,,,,,,,,,,,,,,,,,,,,,,,,,,,,,,,,,,,,,,,,,,,,,,,,,,,,,,,,,,,,,
6/21/2020,95,43,54,76,22,53,19,64,38,55,24,64,39,44,59,17,62,46,0,13,49,37,66,15,58,42,60,47,46,41,39,51,53,57,15,40,60,40,36,42,46,,,,,,,,,,,,,,,,,,,,,,,,,,,,,,,,,,,,,,,,,,,,,,,,,,,,,,,,,,,,,,,,,,,,,,,,,,,,,,,,,,,,,,
6/28/2020,60,40,24,75,35,23,38,42,32,34,37,79,45,48,48,16,60,32,55,12,47,45,66,17,54,43,61,43,43,40,64,54,47,42,14,39,50,41,31,44,52,,,,,,,,,,,,,,,,,,,,,,,,,,,,,,,,,,,,,,,,,,,,,,,,,,,,,,,,,,,,,,,,,,,,,,,,,,,,,,,,,,,,,,
7/5/2020,57,74,35,63,53,55,38,61,49,48,32,61,46,51,50,15,54,53,11,11,45,41,64,16,61,45,63,50,42,32,56,68,51,60,14,40,51,32,29,48,46,,,,,,,,,,,,,,,,,,,,,,,,,,,,,,,,,,,,,,,,,,,,,,,,,,,,,,,,,,,,,,,,,,,,,,,,,,,,,,,,,,,,,,
7/12/2020,60,53,40,45,19,50,26,71,33,56,35,68,37,30,57,14,55,32,11,12,49,39,70,16,56,49,61,45,43,25,41,52,51,43,13,35,57,36,29,70,47,,,,,,,,,,,,,,,,,,,,,,,,,,,,,,,,,,,,,,,,,,,,,,,,,,,,,,,,,,,,,,,,,,,,,,,,,,,,,,,,,,,,,,
7/19/2020,59,42,20,49,20,29,20,35,44,33,27,41,33,44,59,13,61,52,12,12,46,34,63,15,64,61,58,43,59,29,51,40,52,34,14,35,66,25,31,72,43,,,,,,,,,,,,,,,,,,,,,,,,,,,,,,,,,,,,,,,,,,,,,,,,,,,,,,,,,,,,,,,,,,,,,,,,,,,,,,,,,,,,,,
7/26/2020,55,69,26,71,24,37,19,57,41,44,35,65,37,83,53,13,58,37,35,10,46,37,65,20,72,51,56,45,47,33,53,48,55,58,11,70,63,31,37,78,53,,,,,,,,,,,,,,,,,,,,,,,,,,,,,,,,,,,,,,,,,,,,,,,,,,,,,,,,,,,,,,,,,,,,,,,,,,,,,,,,,,,,,,
8/2/2020,56,36,34,54,20,35,26,49,35,69,36,74,41,26,60,13,52,46,69,11,46,39,71,17,62,67,55,52,44,41,31,71,58,43,12,75,56,28,25,57,51,,,,,,,,,,,,,,,,,,,,,,,,,,,,,,,,,,,,,,,,,,,,,,,,,,,,,,,,,,,,,,,,,,,,,,,,,,,,,,,,,,,,,,
8/9/2020,76,70,59,61,27,82,39,42,41,35,39,45,42,62,51,14,52,53,35,11,44,35,62,14,72,58,52,39,39,27,77,73,50,55,11,51,54,28,26,83,53,,,,,,,,,,,,,,,,,,,,,,,,,,,,,,,,,,,,,,,,,,,,,,,,,,,,,,,,,,,,,,,,,,,,,,,,,,,,,,,,,,,,,,
8/16/2020,50,76,25,64,58,29,46,55,45,49,29,73,40,59,62,15,51,45,34,11,47,66,60,14,63,76,53,49,41,36,69,48,51,41,13,55,57,29,21,56,36,,,,,,,,,,,,,,,,,,,,,,,,,,,,,,,,,,,,,,,,,,,,,,,,,,,,,,,,,,,,,,,,,,,,,,,,,,,,,,,,,,,,,,
8/23/2020,48,67,25,62,69,33,47,48,45,68,34,49,38,58,52,14,48,34,23,11,48,41,55,18,57,56,51,34,39,33,76,33,52,64,14,44,58,29,27,52,39,,,,,,,,,,,,,,,,,,,,,,,,,,,,,,,,,,,,,,,,,,,,,,,,,,,,,,,,,,,,,,,,,,,,,,,,,,,,,,,,,,,,,,
8/30/2020,47,70,39,62,64,49,6,57,38,59,50,52,38,44,55,15,49,50,33,12,47,37,52,19,57,44,58,45,41,30,100,71,48,71,10,39,59,29,23,27,36,,,,,,,,,,,,,,,,,,,,,,,,,,,,,,,,,,,,,,,,,,,,,,,,,,,,,,,,,,,,,,,,,,,,,,,,,,,,,,,,,,,,,,
9/6/2020,40,32,46,48,52,55,24,38,40,60,34,35,44,59,54,16,51,18,22,11,45,28,52,21,65,46,54,42,39,32,63,60,49,51,14,38,57,29,20,50,46,,,,,,,,,,,,,,,,,,,,,,,,,,,,,,,,,,,,,,,,,,,,,,,,,,,,,,,,,,,,,,,,,,,,,,,,,,,,,,,,,,,,,,
9/13/2020,36,58,31,53,49,37,18,57,27,46,34,49,32,55,55,24,48,40,33,12,42,27,57,19,53,37,58,57,41,30,37,37,43,47,11,52,59,28,21,55,39,,,,,,,,,,,,,,,,,,,,,,,,,,,,,,,,,,,,,,,,,,,,,,,,,,,,,,,,,,,,,,,,,,,,,,,,,,,,,,,,,,,,,,
9/20/2020,38,42,10,52,35,48,6,27,26,31,32,56,43,35,54,16,47,15,61,11,43,36,59,27,53,37,54,46,37,27,23,37,42,49,16,59,55,25,22,35,29,,,,,,,,,,,,,,,,,,,,,,,,,,,,,,,,,,,,,,,,,,,,,,,,,,,,,,,,,,,,,,,,,,,,,,,,,,,,,,,,,,,,,,
9/27/2020,33,42,30,24,45,15,24,35,25,47,20,59,42,52,49,15,47,50,40,13,42,35,52,16,60,36,63,39,39,36,66,42,40,41,12,50,41,31,21,47,39,,,,,,,,,,,,,,,,,,,,,,,,,,,,,,,,,,,,,,,,,,,,,,,,,,,,,,,,,,,,,,,,,,,,,,,,,,,,,,,,,,,,,,
10/4/2020,36,67,30,69,39,27,24,37,37,37,28,41,45,43,39,16,50,31,10,11,40,38,56,19,56,33,83,50,40,36,29,36,40,34,11,50,57,49,21,46,31,,,,,,,,,,,,,,,,,,,,,,,,,,,,,,,,,,,,,,,,,,,,,,,,,,,,,,,,,,,,,,,,,,,,,,,,,,,,,,,,,,,,,,
10/11/2020,35,52,25,42,34,32,25,39,31,44,29,37,33,36,50,18,49,39,11,12,42,41,59,22,52,31,76,39,38,43,45,37,39,47,12,45,47,25,16,38,26,,,,,,,,,,,,,,,,,,,,,,,,,,,,,,,,,,,,,,,,,,,,,,,,,,,,,,,,,,,,,,,,,,,,,,,,,,,,,,,,,,,,,,
10/18/2020,35,52,42,47,50,33,13,40,33,50,38,39,53,23,46,17,51,49,54,11,45,39,61,16,56,36,65,60,42,28,51,38,39,46,15,40,38,20,18,54,34,,,,,,,,,,,,,,,,,,,,,,,,,,,,,,,,,,,,,,,,,,,,,,,,,,,,,,,,,,,,,,,,,,,,,,,,,,,,,,,,,,,,,,
10/25/2020,37,63,64,39,66,26,24,24,45,46,25,38,66,47,41,16,51,3,42,11,42,31,51,16,47,20,58,72,40,42,30,43,41,37,12,42,57,25,21,23,40,,,,,,,,,,,,,,,,,,,,,,,,,,,,,,,,,,,,,,,,,,,,,,,,,,,,,,,,,,,,,,,,,,,,,,,,,,,,,,,,,,,,,,
11/1/2020,38,37,38,42,45,43,41,13,25,50,23,40,54,38,52,16,41,24,52,11,42,31,50,17,43,19,54,58,39,45,21,35,36,30,11,46,46,23,21,39,44,,,,,,,,,,,,,,,,,,,,,,,,,,,,,,,,,,,,,,,,,,,,,,,,,,,,,,,,,,,,,,,,,,,,,,,,,,,,,,,,,,,,,,
11/8/2020,39,38,34,41,58,33,12,30,36,44,31,30,53,25,57,17,47,33,22,12,42,42,52,20,52,32,58,70,43,37,43,37,40,34,16,39,45,23,17,29,43,,,,,,,,,,,,,,,,,,,,,,,,,,,,,,,,,,,,,,,,,,,,,,,,,,,,,,,,,,,,,,,,,,,,,,,,,,,,,,,,,,,,,,
11/15/2020,34,58,27,49,33,39,33,22,26,61,19,41,37,50,46,17,50,31,31,11,40,50,54,32,52,27,57,50,44,40,56,38,40,33,16,32,56,23,22,18,29,,,,,,,,,,,,,,,,,,,,,,,,,,,,,,,,,,,,,,,,,,,,,,,,,,,,,,,,,,,,,,,,,,,,,,,,,,,,,,,,,,,,,,
11/22/2020,33,27,14,51,57,58,11,36,45,46,20,52,42,40,45,18,54,24,61,11,37,30,61,15,54,30,58,51,43,49,55,49,36,27,12,29,46,27,24,25,34,,,,,,,,,,,,,,,,,,,,,,,,,,,,,,,,,,,,,,,,,,,,,,,,,,,,,,,,,,,,,,,,,,,,,,,,,,,,,,,,,,,,,,
11/29/2020,34,42,14,35,54,28,44,32,41,44,25,33,32,48,43,19,47,42,30,10,43,57,62,14,53,37,56,50,54,41,49,41,37,31,14,34,44,24,24,55,34,,,,,,,,,,,,,,,,,,,,,,,,,,,,,,,,,,,,,,,,,,,,,,,,,,,,,,,,,,,,,,,,,,,,,,,,,,,,,,,,,,,,,,
12/6/2020,37,34,42,72,43,45,43,40,34,43,20,42,39,54,52,17,49,35,30,12,48,46,50,20,48,27,59,28,49,35,28,33,44,32,11,33,46,33,21,29,26,,,,,,,,,,,,,,,,,,,,,,,,,,,,,,,,,,,,,,,,,,,,,,,,,,,,,,,,,,,,,,,,,,,,,,,,,,,,,,,,,,,,,,
12/13/2020,39,54,19,47,38,31,5,35,43,38,32,32,41,66,44,16,49,18,30,11,45,53,66,12,46,22,62,47,53,26,27,32,42,28,13,37,51,32,20,52,30,,,,,,,,,,,,,,,,,,,,,,,,,,,,,,,,,,,,,,,,,,,,,,,,,,,,,,,,,,,,,,,,,,,,,,,,,,,,,,,,,,,,,,
12/20/2020,39,66,19,57,36,41,0,35,35,70,36,36,40,48,72,18,56,31,21,17,63,59,72,19,54,30,83,46,61,32,35,58,56,44,23,38,50,45,27,41,40,,,,,,,,,,,,,,,,,,,,,,,,,,,,,,,,,,,,,,,,,,,,,,,,,,,,,,,,,,,,,,,,,,,,,,,,,,,,,,,,,,,,,,
12/27/2020,39,81,23,64,81,30,38,45,52,63,55,69,40,63,62,22,59,43,12,17,59,67,87,22,59,37,80,48,57,48,60,83,59,35,22,45,57,44,31,48,47,,,,,,,,,,,,,,,,,,,,,,,,,,,,,,,,,,,,,,,,,,,,,,,,,,,,,,,,,,,,,,,,,,,,,,,,,,,,,,,,,,,,,,
1/3/2021,35,46,47,54,42,41,12,35,36,39,36,43,37,30,57,15,46,56,22,11,38,26,60,14,58,28,50,33,52,33,56,44,35,42,13,32,53,28,24,67,44,,,,,,,,,,,,,,,,,,,,,,,,,,,,,,,,,,,,,,,,,,,,,,,,,,,,,,,,,,,,,,,,,,,,,,,,,,,,,,,,,,,,,,
1/10/2021,41,34,33,55,30,40,11,33,35,41,23,45,32,40,60,16,46,24,20,10,36,43,64,14,38,32,61,51,52,32,21,22,38,33,16,38,39,29,29,40,50,,,,,,,,,,,,,,,,,,,,,,,,,,,,,,,,,,,,,,,,,,,,,,,,,,,,,,,,,,,,,,,,,,,,,,,,,,,,,,,,,,,,,,
1/17/2021,47,46,33,38,39,44,32,47,39,39,23,27,37,33,51,19,46,32,28,11,35,43,60,16,41,25,60,44,46,28,70,55,38,40,22,42,45,23,24,33,36,,,,,,,,,,,,,,,,,,,,,,,,,,,,,,,,,,,,,,,,,,,,,,,,,,,,,,,,,,,,,,,,,,,,,,,,,,,,,,,,,,,,,,
1/24/2021,49,50,37,59,32,17,32,27,31,35,31,38,40,30,48,16,47,26,38,11,37,35,64,14,43,34,59,37,44,41,64,49,35,35,12,39,45,26,19,18,38,,,,,,,,,,,,,,,,,,,,,,,,,,,,,,,,,,,,,,,,,,,,,,,,,,,,,,,,,,,,,,,,,,,,,,,,,,,,,,,,,,,,,,
1/31/2021,41,25,9,36,50,33,38,40,35,36,18,45,35,34,48,19,48,32,20,10,37,25,68,17,48,25,57,34,45,31,42,43,35,32,10,32,38,19,23,26,27,,,,,,,,,,,,,,,,,,,,,,,,,,,,,,,,,,,,,,,,,,,,,,,,,,,,,,,,,,,,,,,,,,,,,,,,,,,,,,,,,,,,,,
2/7/2021,38,46,46,43,56,27,11,22,38,48,26,41,39,46,41,21,50,20,29,10,37,39,65,13,40,21,58,47,43,36,41,44,43,35,13,36,37,20,35,54,26,,,,,,,,,,,,,,,,,,,,,,,,,,,,,,,,,,,,,,,,,,,,,,,,,,,,,,,,,,,,,,,,,,,,,,,,,,,,,,,,,,,,,,
2/14/2021,37,28,42,46,38,42,33,35,37,41,31,31,39,30,45,20,51,23,39,12,36,38,65,18,53,26,57,32,42,37,43,53,41,34,11,36,54,28,30,42,40,,,,,,,,,,,,,,,,,,,,,,,,,,,,,,,,,,,,,,,,,,,,,,,,,,,,,,,,,,,,,,,,,,,,,,,,,,,,,,,,,,,,,,
2/21/2021,40,69,35,62,48,51,39,31,32,48,27,42,40,60,52,22,51,31,39,12,34,36,70,18,52,36,58,47,44,37,49,65,44,30,9,36,53,27,22,33,25,,,,,,,,,,,,,,,,,,,,,,,,,,,,,,,,,,,,,,,,,,,,,,,,,,,,,,,,,,,,,,,,,,,,,,,,,,,,,,,,,,,,,,
2/28/2021,34,35,15,50,34,44,27,37,28,39,30,44,34,65,44,21,51,40,50,13,36,39,60,24,45,28,62,50,41,31,29,36,42,32,15,37,49,25,22,42,33,,,,,,,,,,,,,,,,,,,,,,,,,,,,,,,,,,,,,,,,,,,,,,,,,,,,,,,,,,,,,,,,,,,,,,,,,,,,,,,,,,,,,,
3/7/2021,34,46,49,62,30,22,23,33,30,22,31,51,34,46,45,19,49,40,20,12,34,35,60,21,39,24,63,44,40,27,80,50,43,32,13,36,43,26,21,46,28,,,,,,,,,,,,,,,,,,,,,,,,,,,,,,,,,,,,,,,,,,,,,,,,,,,,,,,,,,,,,,,,,,,,,,,,,,,,,,,,,,,,,,
3/14/2021,40,49,17,51,43,13,15,22,35,52,23,46,40,31,59,19,52,64,9,11,41,42,58,25,42,31,66,57,44,29,48,33,41,30,15,38,49,27,21,36,37,,,,,,,,,,,,,,,,,,,,,,,,,,,,,,,,,,,,,,,,,,,,,,,,,,,,,,,,,,,,,,,,,,,,,,,,,,,,,,,,,,,,,,
3/21/2021,43,63,27,55,29,39,11,33,28,41,36,41,31,40,47,19,51,38,50,10,38,44,61,18,53,26,65,40,42,29,59,36,45,43,14,42,39,21,29,35,42,,,,,,,,,,,,,,,,,,,,,,,,,,,,,,,,,,,,,,,,,,,,,,,,,,,,,,,,,,,,,,,,,,,,,,,,,,,,,,,,,,,,,,
3/28/2021,40,52,37,78,43,34,27,39,25,47,22,35,33,48,54,19,52,34,31,11,43,41,64,17,49,26,70,51,45,35,36,40,52,34,15,38,46,34,23,73,29,,,,,,,,,,,,,,,,,,,,,,,,,,,,,,,,,,,,,,,,,,,,,,,,,,,,,,,,,,,,,,,,,,,,,,,,,,,,,,,,,,,,,,
4/4/2021,40,34,18,72,50,49,27,48,37,48,33,54,37,41,61,21,53,27,21,11,33,33,71,15,60,31,62,47,45,34,28,60,47,49,10,34,47,26,24,53,30,,,,,,,,,,,,,,,,,,,,,,,,,,,,,,,,,,,,,,,,,,,,,,,,,,,,,,,,,,,,,,,,,,,,,,,,,,,,,,,,,,,,,,
4/11/2021,37,44,27,69,40,25,22,39,43,45,43,55,43,54,46,19,53,34,62,10,38,41,69,15,57,32,69,50,43,31,39,48,43,28,15,37,45,30,21,63,35,,,,,,,,,,,,,,,,,,,,,,,,,,,,,,,,,,,,,,,,,,,,,,,,,,,,,,,,,,,,,,,,,,,,,,,,,,,,,,,,,,,,,,
4/18/2021,38,66,23,72,37,37,11,28,30,42,40,49,41,37,47,16,51,43,21,10,37,40,68,19,55,34,70,62,42,35,38,55,46,33,12,39,46,29,28,56,37,,,,,,,,,,,,,,,,,,,,,,,,,,,,,,,,,,,,,,,,,,,,,,,,,,,,,,,,,,,,,,,,,,,,,,,,,,,,,,,,,,,,,,
4/25/2021,40,44,29,65,60,55,57,36,31,52,43,46,52,56,51,16,53,62,51,11,36,40,71,27,49,28,67,71,44,46,30,60,42,43,12,34,49,35,24,58,38,,,,,,,,,,,,,,,,,,,,,,,,,,,,,,,,,,,,,,,,,,,,,,,,,,,,,,,,,,,,,,,,,,,,,,,,,,,,,,,,,,,,,,
5/2/2021,38,60,49,72,66,46,39,47,51,40,33,37,42,49,56,17,52,34,30,10,32,26,67,17,52,50,70,38,44,45,30,57,45,51,12,32,55,27,26,33,45,,,,,,,,,,,,,,,,,,,,,,,,,,,,,,,,,,,,,,,,,,,,,,,,,,,,,,,,,,,,,,,,,,,,,,,,,,,,,,,,,,,,,,
5/9/2021,37,52,25,44,42,34,19,52,34,33,29,65,37,66,56,19,53,44,10,10,35,42,84,14,48,30,70,50,44,34,31,52,49,51,14,37,53,24,28,62,40,,,,,,,,,,,,,,,,,,,,,,,,,,,,,,,,,,,,,,,,,,,,,,,,,,,,,,,,,,,,,,,,,,,,,,,,,,,,,,,,,,,,,,
5/16/2021,38,57,34,84,54,79,17,55,36,50,29,32,39,45,45,17,52,33,76,10,40,36,72,14,46,50,74,57,47,27,49,71,52,51,12,36,53,30,25,30,28,,,,,,,,,,,,,,,,,,,,,,,,,,,,,,,,,,,,,,,,,,,,,,,,,,,,,,,,,,,,,,,,,,,,,,,,,,,,,,,,,,,,,,
5/23/2021,38,44,41,64,39,67,49,42,39,47,37,52,35,46,46,18,52,47,54,11,41,45,78,13,55,58,72,59,48,36,72,39,50,61,11,35,54,30,25,64,42,,,,,,,,,,,,,,,,,,,,,,,,,,,,,,,,,,,,,,,,,,,,,,,,,,,,,,,,,,,,,,,,,,,,,,,,,,,,,,,,,,,,,,
5/30/2021,34,42,30,71,54,90,6,56,30,34,36,57,49,48,60,17,54,57,33,12,50,32,79,15,43,36,71,47,52,29,14,47,53,49,13,40,63,31,24,56,53,,,,,,,,,,,,,,,,,,,,,,,,,,,,,,,,,,,,,,,,,,,,,,,,,,,,,,,,,,,,,,,,,,,,,,,,,,,,,,,,,,,,,,
6/6/2021,33,52,40,57,75,64,19,43,49,37,37,47,48,27,56,20,54,47,32,13,53,41,77,20,49,36,64,42,46,41,43,46,55,65,12,38,55,30,25,40,48,,,,,,,,,,,,,,,,,,,,,,,,,,,,,,,,,,,,,,,,,,,,,,,,,,,,,,,,,,,,,,,,,,,,,,,,,,,,,,,,,,,,,,
6/13/2021,41,66,63,68,58,56,6,40,61,52,39,67,43,58,66,19,55,59,43,12,52,45,83,20,69,53,70,48,52,44,49,100,59,35,13,45,66,30,26,48,50,,,,,,,,,,,,,,,,,,,,,,,,,,,,,,,,,,,,,,,,,,,,,,,,,,,,,,,,,,,,,,,,,,,,,,,,,,,,,,,,,,,,,,
6/20/2021,37,51,52,57,39,50,39,52,46,43,39,74,47,56,42,18,54,54,100,12,50,49,83,18,63,52,72,52,43,33,50,64,62,59,10,66,60,31,28,59,28,,,,,,,,,,,,,,,,,,,,,,,,,,,,,,,,,,,,,,,,,,,,,,,,,,,,,,,,,,,,,,,,,,,,,,,,,,,,,,,,,,,,,,
6/27/2021,36,56,52,55,63,45,13,36,48,55,30,46,42,100,60,17,55,41,44,13,51,34,67,19,65,55,69,66,44,46,78,78,59,47,10,69,49,33,26,60,62,,,,,,,,,,,,,,,,,,,,,,,,,,,,,,,,,,,,,,,,,,,,,,,,,,,,,,,,,,,,,,,,,,,,,,,,,,,,,,,,,,,,,,
7/4/2021,37,77,41,66,61,100,7,66,52,41,37,48,40,67,60,18,55,24,44,14,58,53,73,26,63,57,75,52,44,44,28,63,63,69,10,80,64,29,33,55,39,,,,,,,,,,,,,,,,,,,,,,,,,,,,,,,,,,,,,,,,,,,,,,,,,,,,,,,,,,,,,,,,,,,,,,,,,,,,,,,,,,,,,,
7/11/2021,38,72,30,59,50,60,59,62,49,40,31,56,44,32,68,19,54,38,54,12,57,47,71,25,79,61,78,44,44,48,57,57,63,45,13,100,75,31,32,27,57,,,,,,,,,,,,,,,,,,,,,,,,,,,,,,,,,,,,,,,,,,,,,,,,,,,,,,,,,,,,,,,,,,,,,,,,,,,,,,,,,,,,,,
7/18/2021,39,54,27,59,51,46,69,76,57,41,33,72,48,45,59,17,53,47,67,15,54,44,75,21,70,65,88,64,42,44,73,57,62,54,15,81,78,32,26,50,63,,,,,,,,,,,,,,,,,,,,,,,,,,,,,,,,,,,,,,,,,,,,,,,,,,,,,,,,,,,,,,,,,,,,,,,,,,,,,,,,,,,,,,
7/25/2021,42,80,55,66,97,56,47,57,53,68,33,44,44,69,70,18,52,50,43,11,54,33,71,17,71,70,89,49,43,43,50,44,66,61,12,60,66,43,26,75,44,,,,,,,,,,,,,,,,,,,,,,,,,,,,,,,,,,,,,,,,,,,,,,,,,,,,,,,,,,,,,,,,,,,,,,,,,,,,,,,,,,,,,,
8/1/2021,36,59,34,67,100,65,6,78,45,52,37,46,45,67,55,18,51,47,44,11,54,45,76,17,78,62,78,49,40,39,36,49,62,74,12,47,62,33,28,43,50,,,,,,,,,,,,,,,,,,,,,,,,,,,,,,,,,,,,,,,,,,,,,,,,,,,,,,,,,,,,,,,,,,,,,,,,,,,,,,,,,,,,,,
8/8/2021,41,49,35,76,69,74,55,100,51,57,50,63,38,27,57,20,52,55,22,10,54,38,69,19,86,64,80,63,41,35,74,56,67,74,10,45,75,30,24,28,57,,,,,,,,,,,,,,,,,,,,,,,,,,,,,,,,,,,,,,,,,,,,,,,,,,,,,,,,,,,,,,,,,,,,,,,,,,,,,,,,,,,,,,
8/15/2021,37,54,45,64,47,51,33,74,38,69,43,52,44,82,55,18,50,40,54,10,54,39,78,15,75,71,76,53,42,41,88,72,65,80,13,42,71,27,26,46,53,,,,,,,,,,,,,,,,,,,,,,,,,,,,,,,,,,,,,,,,,,,,,,,,,,,,,,,,,,,,,,,,,,,,,,,,,,,,,,,,,,,,,,
8/22/2021,46,75,26,63,83,43,43,61,45,43,46,53,46,71,64,19,49,33,36,12,52,25,73,16,72,66,73,71,44,38,90,66,66,58,15,44,73,33,28,67,46,,,,,,,,,,,,,,,,,,,,,,,,,,,,,,,,,,,,,,,,,,,,,,,,,,,,,,,,,,,,,,,,,,,,,,,,,,,,,,,,,,,,,,
8/29/2021,49,64,50,46,41,44,43,58,36,50,36,55,42,49,53,18,51,36,47,11,46,33,68,21,64,65,66,50,40,35,53,54,55,72,11,36,57,31,22,16,57,,,,,,,,,,,,,,,,,,,,,,,,,,,,,,,,,,,,,,,,,,,,,,,,,,,,,,,,,,,,,,,,,,,,,,,,,,,,,,,,,,,,,,
9/5/2021,42,61,41,48,62,23,29,64,36,45,37,72,51,59,56,18,51,41,47,12,42,37,60,17,51,59,66,63,40,26,47,41,51,64,13,32,66,25,22,55,32,,,,,,,,,,,,,,,,,,,,,,,,,,,,,,,,,,,,,,,,,,,,,,,,,,,,,,,,,,,,,,,,,,,,,,,,,,,,,,,,,,,,,,
9/12/2021,43,70,55,55,58,44,20,37,24,36,31,55,41,44,51,27,50,32,23,10,45,35,65,15,70,55,82,42,40,28,66,50,48,69,11,38,61,28,24,21,32,,,,,,,,,,,,,,,,,,,,,,,,,,,,,,,,,,,,,,,,,,,,,,,,,,,,,,,,,,,,,,,,,,,,,,,,,,,,,,,,,,,,,,
9/19/2021,38,48,28,54,53,53,6,49,64,77,31,40,56,42,46,20,52,32,47,10,45,32,63,28,75,56,69,45,41,36,40,44,44,69,8,38,49,24,24,42,48,,,,,,,,,,,,,,,,,,,,,,,,,,,,,,,,,,,,,,,,,,,,,,,,,,,,,,,,,,,,,,,,,,,,,,,,,,,,,,,,,,,,,,
9/26/2021,39,52,32,55,50,43,14,38,36,45,27,36,43,53,59,17,48,44,23,10,41,30,73,18,62,49,70,64,38,27,39,57,46,46,12,38,61,31,23,30,32,,,,,,,,,,,,,,,,,,,,,,,,,,,,,,,,,,,,,,,,,,,,,,,,,,,,,,,,,,,,,,,,,,,,,,,,,,,,,,,,,,,,,,
10/3/2021,36,58,26,99,45,30,20,27,45,44,26,41,46,51,61,18,51,36,22,10,41,52,72,16,63,41,69,63,40,27,70,35,45,56,9,34,53,29,26,30,39,,,,,,,,,,,,,,,,,,,,,,,,,,,,,,,,,,,,,,,,,,,,,,,,,,,,,,,,,,,,,,,,,,,,,,,,,,,,,,,,,,,,,,
10/10/2021,30,28,21,42,36,25,39,65,43,53,25,38,32,35,53,18,52,42,11,10,40,42,69,17,84,32,75,40,39,30,24,37,52,51,15,54,55,27,26,38,29,,,,,,,,,,,,,,,,,,,,,,,,,,,,,,,,,,,,,,,,,,,,,,,,,,,,,,,,,,,,,,,,,,,,,,,,,,,,,,,,,,,,,,
10/17/2021,33,46,54,47,29,29,26,23,27,71,29,47,39,42,58,19,51,28,66,10,42,48,61,16,53,42,72,49,41,46,24,41,49,63,10,58,56,30,30,46,46,,,,,,,,,,,,,,,,,,,,,,,,,,,,,,,,,,,,,,,,,,,,,,,,,,,,,,,,,,,,,,,,,,,,,,,,,,,,,,,,,,,,,,
10/24/2021,35,52,27,77,76,16,26,47,47,54,31,48,54,32,62,18,52,29,65,10,40,38,63,20,49,45,69,66,43,31,50,35,49,56,11,56,61,32,28,65,47,,,,,,,,,,,,,,,,,,,,,,,,,,,,,,,,,,,,,,,,,,,,,,,,,,,,,,,,,,,,,,,,,,,,,,,,,,,,,,,,,,,,,,
10/31/2021,39,61,25,82,50,33,25,52,40,38,33,75,47,41,46,19,52,24,86,9,43,37,72,20,59,32,69,53,42,29,78,56,51,55,12,46,50,29,28,13,32,,,,,,,,,,,,,,,,,,,,,,,,,,,,,,,,,,,,,,,,,,,,,,,,,,,,,,,,,,,,,,,,,,,,,,,,,,,,,,,,,,,,,,
11/7/2021,35,50,46,67,61,41,50,52,45,47,27,69,34,52,61,18,50,40,75,11,42,39,66,18,54,26,64,47,42,25,45,32,46,56,12,51,67,20,28,49,30,,,,,,,,,,,,,,,,,,,,,,,,,,,,,,,,,,,,,,,,,,,,,,,,,,,,,,,,,,,,,,,,,,,,,,,,,,,,,,,,,,,,,,
11/14/2021,32,43,36,53,53,40,36,37,40,41,36,39,38,43,65,21,52,36,62,11,42,44,67,16,52,36,62,68,42,43,29,42,43,35,10,37,56,29,31,33,31,,,,,,,,,,,,,,,,,,,,,,,,,,,,,,,,,,,,,,,,,,,,,,,,,,,,,,,,,,,,,,,,,,,,,,,,,,,,,,,,,,,,,,
11/21/2021,33,42,30,75,52,54,41,55,44,64,31,54,42,53,67,17,53,27,0,11,39,40,65,16,53,28,63,58,40,52,37,41,45,45,15,37,57,24,25,62,29,,,,,,,,,,,,,,,,,,,,,,,,,,,,,,,,,,,,,,,,,,,,,,,,,,,,,,,,,,,,,,,,,,,,,,,,,,,,,,,,,,,,,,
11/28/2021,32,45,34,72,57,23,22,30,47,44,27,44,47,50,54,17,50,31,78,9,39,45,61,13,47,32,62,57,42,60,72,40,43,35,9,40,48,22,25,25,42,,,,,,,,,,,,,,,,,,,,,,,,,,,,,,,,,,,,,,,,,,,,,,,,,,,,,,,,,,,,,,,,,,,,,,,,,,,,,,,,,,,,,,
12/5/2021,31,45,20,53,50,71,23,40,45,48,27,60,44,26,43,16,52,63,41,10,43,48,63,16,64,27,67,81,50,65,29,60,51,50,13,40,60,27,18,55,40,,,,,,,,,,,,,,,,,,,,,,,,,,,,,,,,,,,,,,,,,,,,,,,,,,,,,,,,,,,,,,,,,,,,,,,,,,,,,,,,,,,,,,
12/12/2021,34,35,37,68,32,36,46,42,50,40,38,77,38,81,61,17,50,43,60,10,40,39,70,14,46,42,67,62,49,64,8,44,47,49,15,37,53,23,21,22,55,,,,,,,,,,,,,,,,,,,,,,,,,,,,,,,,,,,,,,,,,,,,,,,,,,,,,,,,,,,,,,,,,,,,,,,,,,,,,,,,,,,,,,
12/19/2021,37,81,31,73,60,86,48,40,60,69,49,69,35,41,70,18,57,78,72,14,57,62,75,22,75,42,83,44,57,51,30,74,54,64,22,41,73,26,22,36,68,,,,,,,,,,,,,,,,,,,,,,,,,,,,,,,,,,,,,,,,,,,,,,,,,,,,,,,,,,,,,,,,,,,,,,,,,,,,,,,,,,,,,,
12/26/2021,41,85,41,78,61,91,33,86,50,95,56,100,40,90,80,27,59,66,38,17,72,80,95,27,85,49,89,73,57,92,56,72,63,57,23,50,66,54,32,100,59,,,,,,,,,,,,,,,,,,,,,,,,,,,,,,,,,,,,,,,,,,,,,,,,,,,,,,,,,,,,,,,,,,,,,,,,,,,,,,,,,,,,,,
1/2/2022,33,59,20,62,38,79,32,63,55,51,37,53,39,54,78,17,48,46,55,12,43,38,82,15,73,37,53,66,44,62,23,62,43,52,16,34,74,26,20,55,38,,,,,,,,,,,,,,,,,,,,,,,,,,,,,,,,,,,,,,,,,,,,,,,,,,,,,,,,,,,,,,,,,,,,,,,,,,,,,,,,,,,,,,
1/9/2022,32,38,54,56,62,32,47,38,41,31,30,38,40,69,71,17,47,53,58,11,37,40,68,18,69,27,59,63,42,68,57,57,43,50,15,40,53,23,23,45,36,,,,,,,,,,,,,,,,,,,,,,,,,,,,,,,,,,,,,,,,,,,,,,,,,,,,,,,,,,,,,,,,,,,,,,,,,,,,,,,,,,,,,,
1/16/2022,29,57,45,54,48,71,17,47,48,80,26,48,54,16,68,17,49,18,10,11,33,38,67,12,54,43,59,66,41,57,22,43,42,37,12,42,61,27,18,27,74,,,,,,,,,,,,,,,,,,,,,,,,,,,,,,,,,,,,,,,,,,,,,,,,,,,,,,,,,,,,,,,,,,,,,,,,,,,,,,,,,,,,,,
1/23/2022,33,50,35,50,49,37,39,42,44,47,43,70,58,82,59,18,49,41,41,10,33,37,61,14,65,35,58,100,39,100,55,53,46,59,10,38,64,35,17,48,50,,,,,,,,,,,,,,,,,,,,,,,,,,,,,,,,,,,,,,,,,,,,,,,,,,,,,,,,,,,,,,,,,,,,,,,,,,,,,,,,,,,,,,
1/30/2022,33,54,36,70,47,52,29,40,48,46,31,37,46,39,76,17,49,50,63,9,32,39,79,16,65,35,59,69,41,88,24,59,43,34,13,39,68,26,19,32,32,,,,,,,,,,,,,,,,,,,,,,,,,,,,,,,,,,,,,,,,,,,,,,,,,,,,,,,,,,,,,,,,,,,,,,,,,,,,,,,,,,,,,,
2/6/2022,30,50,26,54,41,39,36,66,38,38,31,43,47,40,54,17,51,41,52,9,36,25,70,13,62,31,59,62,38,73,33,45,44,38,9,40,62,26,21,27,53,,,,,,,,,,,,,,,,,,,,,,,,,,,,,,,,,,,,,,,,,,,,,,,,,,,,,,,,,,,,,,,,,,,,,,,,,,,,,,,,,,,,,,
2/13/2022,34,60,32,39,67,22,42,36,42,22,39,58,43,51,59,17,51,15,51,10,34,31,64,15,55,37,62,93,38,84,24,44,49,52,10,37,58,31,23,39,67,,,,,,,,,,,,,,,,,,,,,,,,,,,,,,,,,,,,,,,,,,,,,,,,,,,,,,,,,,,,,,,,,,,,,,,,,,,,,,,,,,,,,,
2/20/2022,29,44,61,80,63,25,24,46,50,56,36,34,50,44,48,15,49,15,37,8,33,39,61,15,75,33,62,68,37,69,31,36,48,42,11,38,65,26,20,66,53,,,,,,,,,,,,,,,,,,,,,,,,,,,,,,,,,,,,,,,,,,,,,,,,,,,,,,,,,,,,,,,,,,,,,,,,,,,,,,,,,,,,,,
2/27/2022,35,53,35,75,51,41,57,66,44,53,32,93,78,60,52,16,51,51,62,8,35,32,66,15,70,37,64,72,38,80,39,50,47,54,12,40,58,29,23,44,61,,,,,,,,,,,,,,,,,,,,,,,,,,,,,,,,,,,,,,,,,,,,,,,,,,,,,,,,,,,,,,,,,,,,,,,,,,,,,,,,,,,,,,
3/6/2022,36,77,15,71,46,38,60,44,50,53,31,85,40,48,61,16,51,34,78,7,36,44,67,15,59,39,62,68,40,78,90,54,42,52,13,36,69,28,22,35,63,,,,,,,,,,,,,,,,,,,,,,,,,,,,,,,,,,,,,,,,,,,,,,,,,,,,,,,,,,,,,,,,,,,,,,,,,,,,,,,,,,,,,,
3/13/2022,37,54,37,72,19,34,29,35,43,55,35,32,44,84,65,16,53,36,56,8,33,27,70,11,59,33,67,59,41,55,15,33,46,46,8,37,56,28,22,73,61,,,,,,,,,,,,,,,,,,,,,,,,,,,,,,,,,,,,,,,,,,,,,,,,,,,,,,,,,,,,,,,,,,,,,,,,,,,,,,,,,,,,,,
3/20/2022,42,60,22,70,48,94,64,53,48,61,34,53,48,100,65,16,53,63,48,8,39,37,63,13,72,39,68,63,39,67,41,58,46,53,12,31,73,36,21,52,51,,,,,,,,,,,,,,,,,,,,,,,,,,,,,,,,,,,,,,,,,,,,,,,,,,,,,,,,,,,,,,,,,,,,,,,,,,,,,,,,,,,,,,
3/27/2022,40,60,40,68,53,50,28,49,35,50,27,60,41,62,61,16,51,30,30,8,37,38,63,15,65,52,66,64,39,78,66,50,49,68,10,35,61,17,22,42,41,,,,,,,,,,,,,,,,,,,,,,,,,,,,,,,,,,,,,,,,,,,,,,,,,,,,,,,,,,,,,,,,,,,,,,,,,,,,,,,,,,,,,,
4/3/2022,42,57,45,61,55,43,11,63,59,49,34,82,45,50,77,16,52,49,77,8,41,43,67,12,71,53,71,42,40,59,42,55,47,68,10,37,61,29,22,58,54,,,,,,,,,,,,,,,,,,,,,,,,,,,,,,,,,,,,,,,,,,,,,,,,,,,,,,,,,,,,,,,,,,,,,,,,,,,,,,,,,,,,,,
4/10/2022,41,52,43,87,11,7,37,37,31,61,35,47,37,51,55,17,51,32,36,8,38,33,61,12,77,53,68,45,42,51,23,45,53,65,11,39,70,23,21,12,55,,,,,,,,,,,,,,,,,,,,,,,,,,,,,,,,,,,,,,,,,,,,,,,,,,,,,,,,,,,,,,,,,,,,,,,,,,,,,,,,,,,,,,
,,,,,,,,,,,,,,,,,,,,,,,,,,,,,,,,,,,,,,,,,,,,,,,,,,,,,,,,,,,,,,,,,,,,,,,,,,,,,,,,,,,,,,,,,,,,,,,,,,,,,,,,,,,,,,,,,,,,,,,,,,,,,,,
,,,,,,,,,,,,,,,,,,,,,,,,,,,,,,,,,,,,,,,,,,,,,,,,,,,,,,,,,,,,,,,,,,,,,,,,,,,,,,,,,,,,,,,,,,,,,,,,,,,,,,,,,,,,,,,,,,,,,,,,,,,,,,,
,,,,,,,,,,,,,,,,,,,,,,,,,,,,,,,,,,,,,,,,,,,,,,,,,,,,,,,,,,,,,,,,,,,,,,,,,,,,,,,,,,,,,,,,,,,,,,,,,,,,,,,,,,,,,,,,,,,,,,,,,,,,,,,
,,,,,,,,,,,,,,,,,,,,,,,,,,,,,,,,,,,,,,,,,,,,,,,,,,,,,,,,,,,,,,,,,,,,,,,,,,,,,,,,,,,,,,,,,,,,,,,,,,,,,,,,,,,,,,,,,,,,,,,,,,,,,,,
,,,,,,,,,,,,,,,,,,,,,,,,,,,,,,,,,,,,,,,,,,,,,,,,,,,,,,,,,,,,,,,,,,,,,,,,,,,,,,,,,,,,,,,,,,,,,,,,,,,,,,,,,,,,,,,,,,,,,,,,,,,,,,,
,,,,,,,,,,,,,,,,,,,,,,,,,,,,,,,,,,,,,,,,,,,,,,,,,,,,,,,,,,,,,,,,,,,,,,,,,,,,,,,,,,,,,,,,,,,,,,,,,,,,,,,,,,,,,,,,,,,,,,,,,,,,,,,
,,,,,,,,,,,,,,,,,,,,,,,,,,,,,,,,,,,,,,,,,,,,,,,,,,,,,,,,,,,,,,,,,,,,,,,,,,,,,,,,,,,,,,,,,,,,,,,,,,,,,,,,,,,,,,,,,,,,,,,,,,,,,,,
,,,,,,,,,,,,,,,,,,,,,,,,,,,,,,,,,,,,,,,,,,,,,,,,,,,,,,,,,,,,,,,,,,,,,,,,,,,,,,,,,,,,,,,,,,,,,,,,,,,,,,,,,,,,,,,,,,,,,,,,,,,,,,,
,,,,,,,,,,,,,,,,,,,,,,,,,,,,,,,,,,,,,,,,,,,,,,,,,,,,,,,,,,,,,,,,,,,,,,,,,,,,,,,,,,,,,,,,,,,,,,,,,,,,,,,,,,,,,,,,,,,,,,,,,,,,,,,
,,,,,,,,,,,,,,,,,,,,,,,,,,,,,,,,,,,,,,,,,,,,,,,,,,,,,,,,,,,,,,,,,,,,,,,,,,,,,,,,,,,,,,,,,,,,,,,,,,,,,,,,,,,,,,,,,,,,,,,,,,,,,,,
,,,,,,,,,,,,,,,,,,,,,,,,,,,,,,,,,,,,,,,,,,,,,,,,,,,,,,,,,,,,,,,,,,,,,,,,,,,,,,,,,,,,,,,,,,,,,,,,,,,,,,,,,,,,,,,,,,,,,,,,,,,,,,,
,,,,,,,,,,,,,,,,,,,,,,,,,,,,,,,,,,,,,,,,,,,,,,,,,,,,,,,,,,,,,,,,,,,,,,,,,,,,,,,,,,,,,,,,,,,,,,,,,,,,,,,,,,,,,,,,,,,,,,,,,,,,,,,
,,,,,,,,,,,,,,,,,,,,,,,,,,,,,,,,,,,,,,,,,,,,,,,,,,,,,,,,,,,,,,,,,,,,,,,,,,,,,,,,,,,,,,,,,,,,,,,,,,,,,,,,,,,,,,,,,,,,,,,,,,,,,,,
,,,,,,,,,,,,,,,,,,,,,,,,,,,,,,,,,,,,,,,,,,,,,,,,,,,,,,,,,,,,,,,,,,,,,,,,,,,,,,,,,,,,,,,,,,,,,,,,,,,,,,,,,,,,,,,,,,,,,,,,,,,,,,,
,,,,,,,,,,,,,,,,,,,,,,,,,,,,,,,,,,,,,,,,,,,,,,,,,,,,,,,,,,,,,,,,,,,,,,,,,,,,,,,,,,,,,,,,,,,,,,,,,,,,,,,,,,,,,,,,,,,,,,,,,,,,,,,
,,,,,,,,,,,,,,,,,,,,,,,,,,,,,,,,,,,,,,,,,,,,,,,,,,,,,,,,,,,,,,,,,,,,,,,,,,,,,,,,,,,,,,,,,,,,,,,,,,,,,,,,,,,,,,,,,,,,,,,,,,,,,,,
,,,,,,,,,,,,,,,,,,,,,,,,,,,,,,,,,,,,,,,,,,,,,,,,,,,,,,,,,,,,,,,,,,,,,,,,,,,,,,,,,,,,,,,,,,,,,,,,,,,,,,,,,,,,,,,,,,,,,,,,,,,,,,,
,,,,,,,,,,,,,,,,,,,,,,,,,,,,,,,,,,,,,,,,,,,,,,,,,,,,,,,,,,,,,,,,,,,,,,,,,,,,,,,,,,,,,,,,,,,,,,,,,,,,,,,,,,,,,,,,,,,,,,,,,,,,,,,
,,,,,,,,,,,,,,,,,,,,,,,,,,,,,,,,,,,,,,,,,,,,,,,,,,,,,,,,,,,,,,,,,,,,,,,,,,,,,,,,,,,,,,,,,,,,,,,,,,,,,,,,,,,,,,,,,,,,,,,,,,,,,,,
,,,,,,,,,,,,,,,,,,,,,,,,,,,,,,,,,,,,,,,,,,,,,,,,,,,,,,,,,,,,,,,,,,,,,,,,,,,,,,,,,,,,,,,,,,,,,,,,,,,,,,,,,,,,,,,,,,,,,,,,,,,,,,,
,,,,,,,,,,,,,,,,,,,,,,,,,,,,,,,,,,,,,,,,,,,,,,,,,,,,,,,,,,,,,,,,,,,,,,,,,,,,,,,,,,,,,,,,,,,,,,,,,,,,,,,,,,,,,,,,,,,,,,,,,,,,,,,
,,,,,,,,,,,,,,,,,,,,,,,,,,,,,,,,,,,,,,,,,,,,,,,,,,,,,,,,,,,,,,,,,,,,,,,,,,,,,,,,,,,,,,,,,,,,,,,,,,,,,,,,,,,,,,,,,,,,,,,,,,,,,,,
,,,,,,,,,,,,,,,,,,,,,,,,,,,,,,,,,,,,,,,,,,,,,,,,,,,,,,,,,,,,,,,,,,,,,,,,,,,,,,,,,,,,,,,,,,,,,,,,,,,,,,,,,,,,,,,,,,,,,,,,,,,,,,,
,,,,,,,,,,,,,,,,,,,,,,,,,,,,,,,,,,,,,,,,,,,,,,,,,,,,,,,,,,,,,,,,,,,,,,,,,,,,,,,,,,,,,,,,,,,,,,,,,,,,,,,,,,,,,,,,,,,,,,,,,,,,,,,
,,,,,,,,,,,,,,,,,,,,,,,,,,,,,,,,,,,,,,,,,,,,,,,,,,,,,,,,,,,,,,,,,,,,,,,,,,,,,,,,,,,,,,,,,,,,,,,,,,,,,,,,,,,,,,,,,,,,,,,,,,,,,,,
,,,,,,,,,,,,,,,,,,,,,,,,,,,,,,,,,,,,,,,,,,,,,,,,,,,,,,,,,,,,,,,,,,,,,,,,,,,,,,,,,,,,,,,,,,,,,,,,,,,,,,,,,,,,,,,,,,,,,,,,,,,,,,,
,-3,1,3.230769231,-14.07692308,-0.307692308,-4.846153846,-14.15384615,-7.615384615,-8.076923077,-5.692307692,-1.846153846,-1.384615385,-7.538461538,-8.153846154,-1.076923077,-1.538461538,0.384615385,0.769230769,-6.384615385,-0.384615385,-3.384615385,2.461538462,2,-1,5.384615385,-3,-1,1.692307692,-2.615384615,4.538461538,-4,0.230769231,0.230769231,2.692307692,-0.076923077,-1.307692308,8.153846154,2.923076923,-5.076923077,-15.15384615,-1.692307692,,,,,,,,,,,,,,,,,,,,,,,,,,,,,,,,,,,,,,,,,,,,,,,,,,,,,,,,,,,,,,,,,,,,,,,,,,,,,,,,,,,,,,
